1 0 csl-017102 0
1 0 csl-258141 0
1 0 csl-138093 0
1 0 csl-122470 0
1 0 csl-184861 0
1 0 csl-124867 0
1 0 csl-085026 0
1 0 csl-070626 0
1 0 csl-034085 0
1 0 csl-213347 0
1 0 csl-215349 0
1 0 csl-113220 0
1 0 csl-244699 0
1 0 csl-054433 0
1 0 csl-243348 0
1 0 csl-178639 0
1 0 csl-304975 0
1 0 csl-131261 1
1 0 csl-341423 3
1 0 csl-001054 3
1 0 csl-241551 0
1 0 csl-092555 0
1 0 csl-349843 0
1 0 csl-368123 0
1 0 csl-146573 0
1 0 csl-108436 0
1 0 csl-170585 0
1 0 csl-135301 0
1 0 csl-115925 0
1 0 csl-223155 0
1 0 csl-338048 0
1 0 csl-168340 0
1 0 csl-175457 0
1 0 csl-317692 0
1 0 csl-143077 0
1 0 csl-248740 0
1 0 csl-079088 0
1 0 csl-219170 0
1 0 csl-254746 0
1 0 csl-290447 0
1 0 csl-361771 0
1 0 csl-193097 0
1 0 csl-130757 0
1 0 csl-246243 0
1 0 csl-290100 0
1 0 csl-015679 0
1 0 csl-245442 0
1 0 csl-253905 0
1 0 csl-145559 0
1 0 csl-036086 0
1 0 csl-192229 0
1 0 csl-089365 0
1 0 csl-357533 0
1 0 csl-078815 0
1 0 csl-148545 0
1 0 csl-111855 0
1 0 csl-160347 0
1 0 csl-037078 0
1 0 csl-238201 0
1 0 csl-378764 0
1 0 csl-275291 0
1 0 csl-190335 1
1 0 csl-280547 0
1 0 csl-224401 0
1 0 csl-316161 0
1 0 csl-216242 3
1 0 csl-391835 0
1 0 csl-385553 0
1 0 csl-058150 0
1 0 csl-377394 3
1 0 csl-392091 3
1 0 csl-018763 0
1 0 csl-047916 0
1 0 csl-089148 0
1 0 csl-222979 0
1 0 csl-029481 0
1 0 csl-174025 0
1 0 csl-345128 0
1 0 csl-085042 0
1 0 csl-250200 0
1 0 csl-271437 0
1 0 csl-251665 0
1 0 csl-014710 0
1 0 csl-331576 0
1 0 csl-188749 0
1 0 csl-096225 0
1 0 csl-163976 0
1 0 csl-365016 0
1 0 csl-236615 0
1 0 csl-186418 0
1 0 csl-279743 0
1 0 csl-051050 0
1 0 csl-140252 0
1 0 csl-201978 0
1 0 csl-319209 0
1 0 csl-108611 0
1 0 csl-246522 0
1 0 csl-222728 0
1 0 csl-318632 0
1 0 csl-350878 0
1 0 csl-271981 0
1 0 csl-092358 0
1 0 csl-229555 0
1 0 csl-310445 0
1 0 csl-326875 0
1 0 csl-243463 0
1 0 csl-390652 0
1 0 csl-327948 3
1 0 csl-112293 0
1 0 csl-108450 0
1 0 csl-142680 1
1 0 csl-134270 0
1 0 csl-144982 0
1 0 csl-357147 0
1 0 csl-205805 0
1 0 csl-039134 0
1 0 csl-122928 0
1 0 csl-122672 0
1 0 csl-204101 0
1 0 csl-239766 0
1 0 csl-350093 0
1 0 csl-071422 0
1 0 csl-006902 0
1 0 csl-038178 0
1 0 csl-039293 0
1 0 csl-201359 0
1 0 csl-334710 0
1 0 csl-089057 0
1 0 csl-179239 0
1 0 csl-305487 0
1 0 csl-364792 0
1 0 csl-188466 3
1 0 csl-112549 0
1 0 csl-037865 0
1 0 csl-391861 0
1 0 csl-152649 0
1 0 csl-340911 0
1 0 csl-031432 0
1 0 csl-012876 0
1 0 csl-113853 0
1 0 csl-069240 0
1 0 csl-036961 0
1 0 csl-152085 3
1 0 csl-020752 0
1 0 csl-116076 0
1 0 csl-032533 1
1 0 csl-086565 0
1 0 csl-355167 0
1 0 csl-106081 0
1 0 csl-328660 0
1 0 csl-318645 0
1 0 csl-301695 0
1 0 csl-256874 0
1 0 csl-325762 3
1 0 csl-054694 0
1 0 csl-074366 0
1 0 csl-008926 0
1 0 csl-122590 0
1 0 csl-075097 0
1 0 csl-026314 0
1 0 csl-339737 0
1 0 csl-214093 0
1 0 csl-253777 0
1 0 csl-286708 0
1 0 csl-132031 0
1 0 csl-309505 0
1 0 csl-291122 0
1 0 csl-080500 0
1 0 csl-212964 0
1 0 csl-199106 0
1 0 csl-365501 0
1 0 csl-084643 0
1 0 csl-339641 0
1 0 csl-210061 0
1 0 csl-269030 0
1 0 csl-104381 0
1 0 csl-278332 1
1 0 csl-386402 0
1 0 csl-020772 1
1 0 csl-181172 0
1 0 csl-090517 0
1 0 csl-030650 0
1 0 csl-305844 0
1 0 csl-220893 0
1 0 csl-042508 1
1 0 csl-294202 0
1 0 csl-221220 0
1 0 csl-115026 0
1 0 csl-067345 0
1 0 csl-120229 0
1 0 csl-395584 0
1 0 csl-334496 0
1 0 csl-092490 0
1 0 csl-029840 0
1 0 csl-197396 0
1 0 csl-244215 0
1 0 csl-261861 0
1 0 csl-117079 0
1 0 csl-105808 0
1 0 csl-233421 0
1 0 csl-201921 0
1 0 csl-106654 0
1 0 csl-194607 0
1 0 csl-320111 0
1 0 csl-206529 0
1 0 csl-263681 0
1 0 csl-057132 0
1 0 csl-168017 3
1 0 csl-226715 0
1 0 csl-119586 0
1 0 csl-039291 0
1 0 csl-209462 0
1 0 csl-084374 0
1 0 csl-068866 0
1 0 csl-348106 0
1 0 csl-222128 0
1 0 csl-106108 0
1 0 csl-004520 0
1 0 csl-160575 0
1 0 csl-381939 0
1 0 csl-364178 0
1 0 csl-078610 0
1 0 csl-224438 0
1 0 csl-224348 0
1 0 csl-089657 0
1 0 csl-176937 0
1 0 csl-245774 0
1 0 csl-088816 0
1 0 csl-311368 0
1 0 csl-070683 0
1 0 csl-074428 0
1 0 csl-085174 0
1 0 csl-239093 0
1 0 csl-186182 0
1 0 csl-129899 0
1 0 csl-279337 3
1 0 csl-101074 0
1 0 csl-150148 0
1 0 csl-351813 0
1 0 csl-263451 0
1 0 csl-352725 0
1 0 csl-082671 0
1 0 csl-282648 0
1 0 csl-232038 0
1 0 csl-394382 0
1 0 csl-078946 0
1 0 csl-074134 0
1 0 csl-102607 0
1 0 csl-359434 0
1 0 csl-274722 0
1 0 csl-103891 0
1 0 csl-106387 0
1 0 csl-014591 0
1 0 csl-067903 0
1 0 csl-178112 0
1 0 csl-242264 0
1 0 csl-049043 0
1 0 csl-317379 0
1 0 csl-224133 0
1 0 csl-243784 0
1 0 csl-123898 0
1 0 csl-178178 0
1 0 csl-308612 0
1 0 csl-142842 0
1 0 csl-137007 0
1 0 csl-305756 0
1 0 csl-025422 0
1 0 csl-095806 0
1 0 csl-047384 0
1 0 csl-319560 0
1 0 csl-226748 0
1 0 csl-012293 0
1 0 csl-016650 0
1 0 csl-382142 0
1 0 csl-190110 0
1 0 csl-265936 0
1 0 csl-162505 0
1 0 csl-145531 0
1 0 csl-017543 0
1 0 csl-365399 0
1 0 csl-023783 0
1 0 csl-388051 0
1 0 csl-009336 0
1 0 csl-015823 0
1 0 csl-224416 0
1 0 csl-067175 0
1 0 csl-282364 0
1 0 csl-335666 0
1 0 csl-116239 0
1 0 csl-199254 0
1 0 csl-284875 0
1 0 csl-254018 0
1 0 csl-175402 0
1 0 csl-353292 0
1 0 csl-218673 0
1 0 csl-009851 0
1 0 csl-281468 0
1 0 csl-254831 0
1 0 csl-052723 0
1 0 csl-109363 0
1 0 csl-218035 0
1 0 csl-151088 0
1 0 csl-318754 0
1 0 csl-169948 3
1 0 csl-234887 0
1 0 csl-213586 0
1 0 csl-192787 0
1 0 csl-056725 3
1 0 csl-236501 0
1 0 csl-312012 0
1 0 csl-169032 0
1 0 csl-040739 3
1 0 csl-306424 0
1 0 csl-024918 0
1 0 csl-132369 0
1 0 csl-270435 0
1 0 csl-356509 0
1 0 csl-252122 0
1 0 csl-332483 0
1 0 csl-152257 0
1 0 csl-184885 0
1 0 csl-396109 0
1 0 csl-151056 0
1 0 csl-265470 0
1 0 csl-012539 0
1 0 csl-198119 0
1 0 csl-038770 0
1 0 csl-021141 0
1 0 csl-091581 0
1 0 csl-103929 0
1 0 csl-105673 0
1 0 csl-004091 0
1 0 csl-224280 0
1 0 csl-064655 0
1 0 csl-376035 0
1 0 csl-023824 0
1 0 csl-177378 0
1 0 csl-212828 0
2 0 csl-390774 3
2 0 csl-275875 0
2 0 csl-363835 0
2 0 csl-262710 0
2 0 csl-282045 0
2 0 csl-007141 1
2 0 csl-216888 0
2 0 csl-027571 0
2 0 csl-339125 0
2 0 csl-230406 1
2 0 csl-348472 0
2 0 csl-128365 0
2 0 csl-278458 0
2 0 csl-357338 0
2 0 csl-320594 1
2 0 csl-033407 1
2 0 csl-228714 0
2 0 csl-237798 1
2 0 csl-379974 0
2 0 csl-095904 0
2 0 csl-060344 0
2 0 csl-374021 0
2 0 csl-067066 0
2 0 csl-143022 0
2 0 csl-239681 0
2 0 csl-299343 0
2 0 csl-090004 0
2 0 csl-388670 0
2 0 csl-256309 0
2 0 csl-258452 0
2 0 csl-360089 0
2 0 csl-125625 0
2 0 csl-147437 0
2 0 csl-388084 0
2 0 csl-003688 0
2 0 csl-251936 0
2 0 csl-344907 0
2 0 csl-190115 0
2 0 csl-188094 0
2 0 csl-282378 1
2 0 csl-050933 0
2 0 csl-274232 0
2 0 csl-000472 0
2 0 csl-345804 3
2 0 csl-311080 0
2 0 csl-049783 0
2 0 csl-006267 0
2 0 csl-321590 0
2 0 csl-352841 0
2 0 csl-140077 1
2 0 csl-025782 3
2 0 csl-143538 0
2 0 csl-183481 0
2 0 csl-083952 0
2 0 csl-068760 0
2 0 csl-186244 0
2 0 csl-394225 0
2 0 csl-263607 0
2 0 csl-254619 0
2 0 csl-356729 0
2 0 csl-365528 0
2 0 csl-383251 0
2 0 csl-205841 0
2 0 csl-321011 0
2 0 csl-125232 0
2 0 csl-004869 0
2 0 csl-032028 0
2 0 csl-214155 0
2 0 csl-186039 0
2 0 csl-013462 0
2 0 csl-387259 0
2 0 csl-053550 0
2 0 csl-145869 0
2 0 csl-015493 0
2 0 csl-234451 0
2 0 csl-311148 0
2 0 csl-088912 0
2 0 csl-155565 0
2 0 csl-010771 0
2 0 csl-361331 0
2 0 csl-370345 0
2 0 csl-351667 0
2 0 csl-190310 0
2 0 csl-132160 0
2 0 csl-383506 0
2 0 csl-362038 3
2 0 csl-259728 0
2 0 csl-256634 0
2 0 csl-199513 0
2 0 csl-378009 0
2 0 csl-057987 0
2 0 csl-127065 1
2 0 csl-070487 0
2 0 csl-325457 0
2 0 csl-387831 0
2 0 csl-302991 0
2 0 csl-358145 0
2 0 csl-091191 0
2 0 csl-272702 0
2 0 csl-086070 0
2 0 csl-142307 1
2 0 csl-098069 0
2 0 csl-093542 0
2 0 csl-142035 0
2 0 csl-052911 0
2 0 csl-231473 0
2 0 csl-188386 0
2 0 csl-252188 0
2 0 csl-347206 0
2 0 csl-310285 0
2 0 csl-266192 0
2 0 csl-217175 0
2 0 csl-167979 0
2 0 csl-244491 0
2 0 csl-255636 0
2 0 csl-063776 0
2 0 csl-148692 0
2 0 csl-225147 0
2 0 csl-228095 0
2 0 csl-283658 0
2 0 csl-045116 0
2 0 csl-118055 0
2 0 csl-116997 0
2 0 csl-357417 0
2 0 csl-249687 0
2 0 csl-393220 1
2 0 csl-302578 0
2 0 csl-058614 0
2 0 csl-302833 0
2 0 csl-175606 0
2 0 csl-149389 0
2 0 csl-059485 0
2 0 csl-077978 0
2 0 csl-026519 0
2 0 csl-337369 0
2 0 csl-278284 0
2 0 csl-202404 0
2 0 csl-336642 0
2 0 csl-271481 0
2 0 csl-091865 0
2 0 csl-352658 0
2 0 csl-373274 0
2 0 csl-299568 0
2 0 csl-118357 0
2 0 csl-197767 0
2 0 csl-156250 0
2 0 csl-330639 0
2 0 csl-128086 0
2 0 csl-253194 0
2 0 csl-200480 0
2 0 csl-282043 0
2 0 csl-037323 0
2 0 csl-081795 0
2 0 csl-138884 0
2 0 csl-282009 0
2 0 csl-170707 0
2 0 csl-272284 0
2 0 csl-046417 0
2 0 csl-277468 0
2 0 csl-089276 0
2 0 csl-362766 0
2 0 csl-198907 0
2 0 csl-310227 0
2 0 csl-204561 0
2 0 csl-310809 0
2 0 csl-288459 0
2 0 csl-093007 0
2 0 csl-354856 0
2 0 csl-389911 0
2 0 csl-094949 0
2 0 csl-296200 0
2 0 csl-238293 0
3 0 csl-375373 3
3 0 csl-020083 0
3 0 csl-271037 3
3 0 csl-001737 0
3 0 csl-248026 0
3 0 csl-067799 3
3 0 csl-265173 0
3 0 csl-056341 0
3 0 csl-281621 1
3 0 csl-069395 0
3 0 csl-226419 0
3 0 csl-077774 0
3 0 csl-356106 0
3 0 csl-214014 0
3 0 csl-084733 0
3 0 csl-312061 0
3 0 csl-114320 3
3 0 csl-238789 0
3 0 csl-053337 1
3 0 csl-020920 3
3 0 csl-376330 0
3 0 csl-205972 0
3 0 csl-305633 0
3 0 csl-317344 0
3 0 csl-327741 3
3 0 csl-162278 1
3 0 csl-339670 1
3 0 csl-015969 1
3 0 csl-147559 0
3 0 csl-087534 0
3 0 csl-203166 0
3 0 csl-222467 3
3 0 csl-363622 0
3 0 csl-324112 0
3 0 csl-323255 0
3 0 csl-245715 0
3 0 csl-008933 1
3 0 csl-387281 0
3 0 csl-143522 3
3 0 csl-391465 0
3 0 csl-364777 1
3 0 csl-329933 0
3 0 csl-365576 3
3 0 csl-078085 0
3 0 csl-185060 3
3 0 csl-271553 0
3 0 csl-107452 0
3 0 csl-309942 0
3 0 csl-193188 3
3 0 csl-028460 0
3 0 csl-075386 3
3 0 csl-385392 0
3 0 csl-217473 0
3 0 csl-381467 0
3 0 csl-208568 0
3 0 csl-109069 3
3 0 csl-375427 0
3 0 csl-290149 1
3 0 csl-321300 3
3 0 csl-373841 1
3 0 csl-133278 0
3 0 csl-153124 0
3 0 csl-166978 3
3 0 csl-021528 0
3 0 csl-002628 0
3 0 csl-262468 0
3 0 csl-283495 1
3 0 csl-209195 1
3 0 csl-273681 1
3 0 csl-234353 0
3 0 csl-205049 0
3 0 csl-104158 0
3 0 csl-136167 0
3 0 csl-292256 0
3 0 csl-222536 3
3 0 csl-261000 0
3 0 csl-098691 1
3 0 csl-288344 0
3 0 csl-232504 0
3 0 csl-160223 0
3 0 csl-240819 0
3 0 csl-049762 0
3 0 csl-070682 3
3 0 csl-050369 0
3 0 csl-043390 0
3 0 csl-358603 0
3 0 csl-192162 0
3 0 csl-365961 0
3 0 csl-062678 0
3 0 csl-369835 0
3 0 csl-252133 0
3 0 csl-224511 0
3 0 csl-060415 0
3 0 csl-334812 0
3 0 csl-258542 1
3 0 csl-139075 1
3 0 csl-149066 1
3 0 csl-086250 3
3 0 csl-046789 3
3 0 csl-175009 3
3 0 csl-050908 0
3 0 csl-125683 0
3 0 csl-248262 3
3 0 csl-342290 0
3 0 csl-133855 3
3 0 csl-029322 0
3 0 csl-234814 0
3 0 csl-003303 0
3 0 csl-056957 0
3 0 csl-130903 0
3 0 csl-106866 0
3 0 csl-291994 1
3 0 csl-121025 0
3 0 csl-189107 1
3 0 csl-033608 0
3 0 csl-198633 3
3 0 csl-214064 0
3 0 csl-378526 0
3 0 csl-243233 0
3 0 csl-048063 0
3 0 csl-067686 0
3 0 csl-062000 0
3 0 csl-389469 0
3 0 csl-237681 0
3 0 csl-060487 0
3 0 csl-036763 0
3 0 csl-348279 0
4 0 csl-171140 0
4 0 csl-346614 0
4 0 csl-083952 0
4 0 csl-347615 0
4 0 csl-157605 0
4 0 csl-035737 0
4 0 csl-384016 0
4 0 csl-032836 0
4 0 csl-035277 0
4 0 csl-127366 0
4 0 csl-284760 1
4 0 csl-064862 0
4 0 csl-223516 0
4 0 csl-321892 0
4 0 csl-326926 0
4 0 csl-144502 0
4 0 csl-243804 0
4 0 csl-060131 0
4 0 csl-119254 0
4 0 csl-130722 0
4 0 csl-293841 0
4 0 csl-079389 3
4 0 csl-238932 0
4 0 csl-101928 0
4 0 csl-360089 0
4 0 csl-365582 0
4 0 csl-261461 0
4 0 csl-067769 0
4 0 csl-112814 0
4 0 csl-114969 0
4 0 csl-002619 0
4 0 csl-070487 0
4 0 csl-185310 0
4 0 csl-277202 0
4 0 csl-320675 0
4 0 csl-011389 0
4 0 csl-051836 0
4 0 csl-168741 0
4 0 csl-087560 0
4 0 csl-150917 0
4 0 csl-128365 0
4 0 csl-253985 0
4 0 csl-247411 0
4 0 csl-004008 0
4 0 csl-029198 0
4 0 csl-066174 0
4 0 csl-044305 0
4 0 csl-221169 0
4 0 csl-331225 0
4 0 csl-046184 0
4 0 csl-091320 0
4 0 csl-391207 0
4 0 csl-153426 0
4 0 csl-017602 0
4 0 csl-128086 0
4 0 csl-093760 0
4 0 csl-346979 0
4 0 csl-189917 0
4 0 csl-346082 0
4 0 csl-105007 0
4 0 csl-062434 0
4 0 csl-246369 0
4 0 csl-124828 1
4 0 csl-303243 0
4 0 csl-137158 3
4 0 csl-096455 0
4 0 csl-060115 0
4 0 csl-288444 0
4 0 csl-106538 0
4 0 csl-261687 0
4 0 csl-100791 0
4 0 csl-042256 0
4 0 csl-022434 0
4 0 csl-176572 0
4 0 csl-199977 0
4 0 csl-316231 0
4 0 csl-282045 0
4 0 csl-018926 0
4 0 csl-322268 0
4 0 csl-066372 0
4 0 csl-254722 3
4 0 csl-145988 0
4 0 csl-314685 0
4 0 csl-369792 0
4 0 csl-085110 0
4 0 csl-204313 0
4 0 csl-119798 0
4 0 csl-285302 0
4 0 csl-183220 0
4 0 csl-129936 3
4 0 csl-172172 0
4 0 csl-210005 0
4 0 csl-357052 0
4 0 csl-138813 3
4 0 csl-215947 0
4 0 csl-242096 0
4 0 csl-193145 0
4 0 csl-220122 0
4 0 csl-195448 0
4 0 csl-243489 0
4 0 csl-274270 0
4 0 csl-383706 3
4 0 csl-108453 0
4 0 csl-087126 0
4 0 csl-075274 0
4 0 csl-359636 0
4 0 csl-090004 0
4 0 csl-288559 0
4 0 csl-141191 0
4 0 csl-174710 3
4 0 csl-382917 0
4 0 csl-072199 0
4 0 csl-266842 0
4 0 csl-002657 0
4 0 csl-357106 0
4 0 csl-336470 3
4 0 csl-273605 0
4 0 csl-385582 0
4 0 csl-132457 0
4 0 csl-195809 0
4 0 csl-094566 0
4 0 csl-141331 0
4 0 csl-359490 0
4 0 csl-101265 0
4 0 csl-007751 0
4 0 csl-253246 0
4 0 csl-256348 0
4 0 csl-052300 0
4 0 csl-278921 0
4 0 csl-386021 0
4 0 csl-132343 0
4 0 csl-330573 0
4 0 csl-006241 0
4 0 csl-012226 0
4 0 csl-252990 0
4 0 csl-317636 0
4 0 csl-112557 0
4 0 csl-370930 0
4 0 csl-352390 0
4 0 csl-303316 0
4 0 csl-394845 0
4 0 csl-329624 0
4 0 csl-245024 0
4 0 csl-300587 0
4 0 csl-167766 0
4 0 csl-130110 1
4 0 csl-092875 0
4 0 csl-360362 0
4 0 csl-021908 0
4 0 csl-061829 0
4 0 csl-102320 0
4 0 csl-339066 0
4 0 csl-231473 0
4 0 csl-158298 0
4 0 csl-113706 0
4 0 csl-301935 0
4 0 csl-349214 0
4 0 csl-339110 0
4 0 csl-188197 0
4 0 csl-352389 0
4 0 csl-137385 0
4 0 csl-027931 0
4 0 csl-153860 0
4 0 csl-076660 0
4 0 csl-345216 0
4 0 csl-233377 0
4 0 csl-065362 0
4 0 csl-362139 0
4 0 csl-279741 0
4 0 csl-216747 0
4 0 csl-105573 0
4 0 csl-254403 0
4 0 csl-264693 0
4 0 csl-268698 0
4 0 csl-300443 0
4 0 csl-220132 0
4 0 csl-209190 0
4 0 csl-201284 0
4 0 csl-097865 0
4 0 csl-096332 0
4 0 csl-076722 0
4 0 csl-306725 0
4 0 csl-060871 0
4 0 csl-183595 0
4 0 csl-296471 0
4 0 csl-291019 0
4 0 csl-363399 0
4 0 csl-136211 0
4 0 csl-381419 0
4 0 csl-196823 3
4 0 csl-062390 0
4 0 csl-143807 0
4 0 csl-171350 0
4 0 csl-226569 0
4 0 csl-130525 0
4 0 csl-013364 0
4 0 csl-297546 0
4 0 csl-253504 0
4 0 csl-377499 0
4 0 csl-362038 0
4 0 csl-025287 0
4 0 csl-375088 0
4 0 csl-155017 0
4 0 csl-184692 0
4 0 csl-129433 0
4 0 csl-170212 0
4 0 csl-049796 1
4 0 csl-221369 0
4 0 csl-197234 0
4 0 csl-117872 0
4 0 csl-262535 0
4 0 csl-129993 0
4 0 csl-270456 0
4 0 csl-101641 0
4 0 csl-357874 0
4 0 csl-372415 0
4 0 csl-337142 0
4 0 csl-139124 1
4 0 csl-285004 0
4 0 csl-361331 0
4 0 csl-350117 0
4 0 csl-328435 0
4 0 csl-273874 0
4 0 csl-097460 0
4 0 csl-185067 0
4 0 csl-098477 0
4 0 csl-129591 0
4 0 csl-174777 0
4 0 csl-310809 0
4 0 csl-050635 0
4 0 csl-241557 0
4 0 csl-271481 0
4 0 csl-276504 0
4 0 csl-247954 0
4 0 csl-265525 0
4 0 csl-184161 0
4 0 csl-333238 0
4 0 csl-285854 0
4 0 csl-387901 0
4 0 csl-231679 0
4 0 csl-148062 0
4 0 csl-130646 0
4 0 csl-149389 0
4 0 csl-096532 1
4 0 csl-216888 0
4 0 csl-327456 0
4 0 csl-127960 0
4 0 csl-164213 0
4 0 csl-057856 0
4 0 csl-154422 0
4 0 csl-157818 0
4 0 csl-389801 0
4 0 csl-225162 0
4 0 csl-054327 0
4 0 csl-376441 0
4 0 csl-311986 0
4 0 csl-171240 1
4 0 csl-307665 0
4 0 csl-245786 0
4 0 csl-200220 0
4 0 csl-261058 0
4 0 csl-374976 0
4 0 csl-115285 0
4 0 csl-127659 0
4 0 csl-007781 0
4 0 csl-335510 0
4 0 csl-146261 0
4 0 csl-282306 0
4 0 csl-207102 0
4 0 csl-267281 0
4 0 csl-317016 0
4 0 csl-044297 0
4 0 csl-164519 0
4 0 csl-234798 0
4 0 csl-269394 0
4 0 csl-038298 0
4 0 csl-198649 0
4 0 csl-209804 0
4 0 csl-137474 0
4 0 csl-375561 0
4 0 csl-288407 0
4 0 csl-278933 0
4 0 csl-219951 0
4 0 csl-206529 0
4 0 csl-254261 0
4 0 csl-014669 0
4 0 csl-347286 0
4 0 csl-281122 0
4 0 csl-314406 0
4 0 csl-282009 0
4 0 csl-172854 3
4 0 csl-368968 0
4 0 csl-310746 0
4 0 csl-163508 0
4 0 csl-336333 0
4 0 csl-125758 0
4 0 csl-017180 0
4 0 csl-197175 0
4 0 csl-149383 3
4 0 csl-262710 0
4 0 csl-124034 0
4 0 csl-311455 0
4 0 csl-346629 0
4 0 csl-167475 0
4 0 csl-201472 0
4 0 csl-278961 0
4 0 csl-313099 0
4 0 csl-224471 0
4 0 csl-395017 0
4 0 csl-231229 0
4 0 csl-250136 0
4 0 csl-282899 0
4 0 csl-292337 0
4 0 csl-351026 0
4 0 csl-251778 0
4 0 csl-282378 0
4 0 csl-391866 0
4 0 csl-199539 0
4 0 csl-296620 0
4 0 csl-178641 0
4 0 csl-291871 0
4 0 csl-260450 0
4 0 csl-084179 0
4 0 csl-215711 0
4 0 csl-069051 0
4 0 csl-251863 0
4 0 csl-112818 0
4 0 csl-267624 0
4 0 csl-113607 0
4 0 csl-378009 0
4 0 csl-018509 0
4 0 csl-285021 0
4 0 csl-006238 0
4 0 csl-065787 0
4 0 csl-078143 0
4 0 csl-237798 0
4 0 csl-344787 0
4 0 csl-254371 0
4 0 csl-071618 0
4 0 csl-048355 0
4 0 csl-373328 0
5 0 csl-153580 0
5 0 csl-197906 0
5 0 csl-090747 0
5 0 csl-084238 0
5 0 csl-259455 0
5 0 csl-328190 1
5 0 csl-368631 0
5 0 csl-362747 0
5 0 csl-250439 0
5 0 csl-016471 0
5 0 csl-026784 0
5 0 csl-195332 0
5 0 csl-350788 0
5 0 csl-217184 0
5 0 csl-223811 0
5 0 csl-022691 0
5 0 csl-316955 0
5 0 csl-254988 0
5 0 csl-205368 0
5 0 csl-380064 0
5 0 csl-194630 0
5 0 csl-283208 0
5 0 csl-029222 0
5 0 csl-301737 0
5 0 csl-326963 0
5 0 csl-159979 0
5 0 csl-042506 0
5 0 csl-164565 0
5 0 csl-268969 0
5 0 csl-090542 0
5 0 csl-257787 0
5 0 csl-239772 1
5 0 csl-313957 0
5 0 csl-144756 0
5 0 csl-291601 0
5 0 csl-015382 0
5 0 csl-381164 0
5 0 csl-261603 0
5 0 csl-081446 0
5 0 csl-283535 0
5 0 csl-154424 0
5 0 csl-132769 0
5 0 csl-039012 0
5 0 csl-305854 0
5 0 csl-206926 0
5 0 csl-017242 0
5 0 csl-327773 0
5 0 csl-296569 0
5 0 csl-388840 0
5 0 csl-240232 0
5 0 csl-105120 0
5 0 csl-261413 0
5 0 csl-022273 0
5 0 csl-217798 0
5 0 csl-067644 0
5 0 csl-014574 0
5 0 csl-070534 0
5 0 csl-350920 0
5 0 csl-232024 0
5 0 csl-192992 0
5 0 csl-231222 0
5 0 csl-171923 0
5 0 csl-138038 0
5 0 csl-359367 0
5 0 csl-186412 0
5 0 csl-370955 0
5 0 csl-239014 0
5 0 csl-165716 0
5 0 csl-003431 0
5 0 csl-231886 0
5 0 csl-131111 0
5 0 csl-192535 0
5 0 csl-218519 0
5 0 csl-106042 0
5 0 csl-313087 0
5 0 csl-206244 0
5 0 csl-129294 0
5 0 csl-273090 0
5 0 csl-115359 0
5 0 csl-288538 0
5 0 csl-286761 0
5 0 csl-213700 0
5 0 csl-091743 0
5 0 csl-389750 0
5 0 csl-362709 0
5 0 csl-180816 0
5 0 csl-309482 0
5 0 csl-390253 0
5 0 csl-348536 0
5 0 csl-002999 0
5 0 csl-049566 0
5 0 csl-172129 0
5 0 csl-036094 0
5 0 csl-374679 0
5 0 csl-378891 0
5 0 csl-011674 0
5 0 csl-146411 0
5 0 csl-169031 0
5 0 csl-123536 0
5 0 csl-186513 0
5 0 csl-115202 0
5 0 csl-100604 0
5 0 csl-054718 0
5 0 csl-055052 0
5 0 csl-166826 0
5 0 csl-260533 0
5 0 csl-135993 0
5 0 csl-003241 0
5 0 csl-200526 0
5 0 csl-284542 0
5 0 csl-101484 0
5 0 csl-140824 0
5 0 csl-148788 0
5 0 csl-224337 0
5 0 csl-214692 0
5 0 csl-031258 0
5 0 csl-148031 0
5 0 csl-077726 0
5 0 csl-375829 0
5 0 csl-241567 0
5 0 csl-225209 0
5 0 csl-286406 0
5 0 csl-019632 0
5 0 csl-301960 0
5 0 csl-357870 0
5 0 csl-110077 0
5 0 csl-188956 0
5 0 csl-096302 0
5 0 csl-026910 0
5 0 csl-255415 0
5 0 csl-189459 0
5 0 csl-207297 0
5 0 csl-204767 0
5 0 csl-048830 0
5 0 csl-224093 0
5 0 csl-065186 0
5 0 csl-087213 0
5 0 csl-338911 0
5 0 csl-039322 0
5 0 csl-121440 0
5 0 csl-200818 0
5 0 csl-243402 0
5 0 csl-244888 0
5 0 csl-073948 0
5 0 csl-198145 0
5 0 csl-112224 0
5 0 csl-286117 0
5 0 csl-107189 0
5 0 csl-004634 0
5 0 csl-180017 0
5 0 csl-331360 0
5 0 csl-344037 0
5 0 csl-360783 0
5 0 csl-291247 0
5 0 csl-056516 0
5 0 csl-040310 0
5 0 csl-038627 0
5 0 csl-100942 0
5 0 csl-062583 0
5 0 csl-344648 0
5 0 csl-062916 0
5 0 csl-039131 0
5 0 csl-327065 0
5 0 csl-295766 0
5 0 csl-226158 0
5 0 csl-077493 0
5 0 csl-154846 1
5 0 csl-212187 0
5 0 csl-197169 0
5 0 csl-158188 0
5 0 csl-350546 0
5 0 csl-182373 0
5 0 csl-356120 0
5 0 csl-217758 0
5 0 csl-013524 0
5 0 csl-005643 1
5 0 csl-124297 0
5 0 csl-006476 0
5 0 csl-147808 0
5 0 csl-384267 0
5 0 csl-130750 0
5 0 csl-242316 0
5 0 csl-022652 0
5 0 csl-249544 0
5 0 csl-138770 0
5 0 csl-288612 0
5 0 csl-202638 0
5 0 csl-127530 0
5 0 csl-152625 0
5 0 csl-217909 0
5 0 csl-174332 0
5 0 csl-191980 0
5 0 csl-135965 0
5 0 csl-391979 0
5 0 csl-335329 0
5 0 csl-256653 0
5 0 csl-381090 0
5 0 csl-089463 0
5 0 csl-289637 0
5 0 csl-274820 0
5 0 csl-204137 0
5 0 csl-200916 0
5 0 csl-215897 0
5 0 csl-037393 0
5 0 csl-128914 0
5 0 csl-228388 0
5 0 csl-160084 0
5 0 csl-065454 0
5 0 csl-023521 0
5 0 csl-271312 0
5 0 csl-029284 0
5 0 csl-282594 0
5 0 csl-279291 0
5 0 csl-269251 0
5 0 csl-163777 0
5 0 csl-007667 0
5 0 csl-032385 0
5 0 csl-151760 0
5 0 csl-235567 0
5 0 csl-254602 0
5 0 csl-326509 0
5 0 csl-369202 0
5 0 csl-237129 0
5 0 csl-380399 0
5 0 csl-095905 0
5 0 csl-073181 0
5 0 csl-064538 0
5 0 csl-043817 0
5 0 csl-182904 0
5 0 csl-127477 0
5 0 csl-041058 0
5 0 csl-096303 0
5 0 csl-371773 0
5 0 csl-097858 0
5 0 csl-192115 0
5 0 csl-167122 0
5 0 csl-334695 0
5 0 csl-005845 0
5 0 csl-127734 0
5 0 csl-088835 0
5 0 csl-132018 1
5 0 csl-388619 0
5 0 csl-166936 0
5 0 csl-333870 0
5 0 csl-074863 0
5 0 csl-086080 0
5 0 csl-248768 0
5 0 csl-135549 0
5 0 csl-376143 0
5 0 csl-348588 0
5 0 csl-320862 0
5 0 csl-327826 0
5 0 csl-222709 0
5 0 csl-126027 0
5 0 csl-267449 0
5 0 csl-255663 0
5 0 csl-015438 0
5 0 csl-351792 0
5 0 csl-152096 0
5 0 csl-101834 0
5 0 csl-082776 0
5 0 csl-167232 0
5 0 csl-301843 0
5 0 csl-340541 0
5 0 csl-029581 0
5 0 csl-041903 0
5 0 csl-312695 0
5 0 csl-176200 0
5 0 csl-081769 0
5 0 csl-262399 0
5 0 csl-125597 0
5 0 csl-212801 0
5 0 csl-346496 0
5 0 csl-185210 0
5 0 csl-191686 0
5 0 csl-300092 0
5 0 csl-002793 0
5 0 csl-077586 0
5 0 csl-139136 0
5 0 csl-087574 0
5 0 csl-073040 0
5 0 csl-353223 0
5 0 csl-215735 0
5 0 csl-270114 0
5 0 csl-122703 0
6 0 csl-168526 1
6 0 csl-090336 0
6 0 csl-140404 0
6 0 csl-100402 0
6 0 csl-180511 0
6 0 csl-126745 0
6 0 csl-278505 0
6 0 csl-122313 0
6 0 csl-291031 0
6 0 csl-248952 1
6 0 csl-111593 0
6 0 csl-291007 0
6 0 csl-081219 0
6 0 csl-143538 0
6 0 csl-310346 0
6 0 csl-203439 0
6 0 csl-035074 0
6 0 csl-267064 0
6 0 csl-045468 0
6 0 csl-305847 0
6 0 csl-182631 0
6 0 csl-222801 0
6 0 csl-048256 0
6 0 csl-237367 0
6 0 csl-061854 0
6 0 csl-326915 0
6 0 csl-051780 0
6 0 csl-171095 0
6 0 csl-155126 0
6 0 csl-301589 0
6 0 csl-300371 0
6 0 csl-336994 0
6 0 csl-231797 0
6 0 csl-318682 0
6 0 csl-054242 0
6 0 csl-338508 0
6 0 csl-082592 0
6 0 csl-379736 0
6 0 csl-222268 0
6 0 csl-198910 0
6 0 csl-054389 0
6 0 csl-248821 0
6 0 csl-230145 0
6 0 csl-182006 0
6 0 csl-145961 0
6 0 csl-283227 0
6 0 csl-346792 0
6 0 csl-199914 0
6 0 csl-369166 0
6 0 csl-060144 0
6 0 csl-099236 0
6 0 csl-357036 0
6 0 csl-208921 0
6 0 csl-305402 0
6 0 csl-231348 0
6 0 csl-244662 0
6 0 csl-229420 0
6 0 csl-181980 0
6 0 csl-216224 0
6 0 csl-233216 0
6 0 csl-076263 0
6 0 csl-173195 0
6 0 csl-309620 0
6 0 csl-270431 0
6 0 csl-087771 0
6 0 csl-187281 0
6 0 csl-391819 0
6 0 csl-363736 0
6 0 csl-334555 0
6 0 csl-226681 0
6 0 csl-216233 0
6 0 csl-221746 0
6 0 csl-136075 0
6 0 csl-232411 0
6 0 csl-185099 0
6 0 csl-199747 0
6 0 csl-133277 0
6 0 csl-277455 0
6 0 csl-108001 0
6 0 csl-013076 0
6 0 csl-245540 0
6 0 csl-028139 0
6 0 csl-114742 0
6 0 csl-018499 0
6 0 csl-146498 0
6 0 csl-365086 0
6 0 csl-141269 0
6 0 csl-006338 0
6 0 csl-055589 0
6 0 csl-281307 0
6 0 csl-082773 0
6 0 csl-183798 0
6 0 csl-006400 0
6 0 csl-366616 0
6 0 csl-217743 0
6 0 csl-067258 0
6 0 csl-365610 0
6 0 csl-298231 0
6 0 csl-240682 0
6 0 csl-350319 0
6 0 csl-395329 0
6 0 csl-066864 0
6 0 csl-004627 0
6 0 csl-203119 0
6 0 csl-111923 0
6 0 csl-362448 0
6 0 csl-058001 0
6 0 csl-127953 0
6 0 csl-331372 0
6 0 csl-274643 0
6 0 csl-344580 0
6 0 csl-384380 0
6 0 csl-033307 0
6 0 csl-103757 0
6 0 csl-327846 0
6 0 csl-325233 0
6 0 csl-335245 0
6 0 csl-008741 0
6 0 csl-014038 0
6 0 csl-394891 0
6 0 csl-172759 0
6 0 csl-177667 0
6 0 csl-163909 0
6 0 csl-183499 0
6 0 csl-207296 0
6 0 csl-222430 0
6 0 csl-123648 0
6 0 csl-367895 0
6 0 csl-275900 1
6 0 csl-215819 0
6 0 csl-279235 0
6 0 csl-319822 0
6 0 csl-218785 0
6 0 csl-131035 0
6 0 csl-183859 0
6 0 csl-181679 0
6 0 csl-376986 0
6 0 csl-125638 0
6 0 csl-267378 0
6 0 csl-294962 0
6 0 csl-261217 0
6 0 csl-097968 0
6 0 csl-243583 0
6 0 csl-348975 0
6 0 csl-362362 0
6 0 csl-199343 0
6 0 csl-383909 0
6 0 csl-304894 0
6 0 csl-181683 0
6 0 csl-212202 0
6 0 csl-236573 0
6 0 csl-075115 0
6 0 csl-010992 0
6 0 csl-105261 0
6 0 csl-176121 0
6 0 csl-019826 0
6 0 csl-069478 0
6 0 csl-388366 0
6 0 csl-238625 0
6 0 csl-036302 0
6 0 csl-262712 0
6 0 csl-308845 0
6 0 csl-193038 0
6 0 csl-117405 0
6 0 csl-286322 0
6 0 csl-106315 0
6 0 csl-218065 0
6 0 csl-363317 0
6 0 csl-275996 0
6 0 csl-095971 0
6 0 csl-129232 0
6 0 csl-222819 0
6 0 csl-367799 0
6 0 csl-295886 0
6 0 csl-160447 0
6 0 csl-101729 0
6 0 csl-045009 0
6 0 csl-089832 0
6 0 csl-269961 0
6 0 csl-385002 0
6 0 csl-264329 0
6 0 csl-379502 0
6 0 csl-272726 0
6 0 csl-122989 0
6 0 csl-070322 0
6 0 csl-266245 0
6 0 csl-386548 0
6 0 csl-198880 0
6 0 csl-357155 0
6 0 csl-225687 0
6 0 csl-384194 0
6 0 csl-146148 0
6 0 csl-319857 0
6 0 csl-391654 0
6 0 csl-192261 0
6 0 csl-254026 0
6 0 csl-019102 0
6 0 csl-128852 0
6 0 csl-174407 0
6 0 csl-371926 0
6 0 csl-149084 0
6 0 csl-329394 0
6 0 csl-114226 0
6 0 csl-272803 0
6 0 csl-348401 0
6 0 csl-211712 0
6 0 csl-083384 0
6 0 csl-191187 0
6 0 csl-157382 0
6 0 csl-145829 1
6 0 csl-023409 0
6 0 csl-035779 0
6 0 csl-294175 0
6 0 csl-276622 0
6 0 csl-083045 0
6 0 csl-207770 0
6 0 csl-231492 0
6 0 csl-217675 0
6 0 csl-154351 0
6 0 csl-199966 0
6 0 csl-177975 0
6 0 csl-196901 0
6 0 csl-320071 0
6 0 csl-386704 0
6 0 csl-294717 0
6 0 csl-287495 0
6 0 csl-307116 0
6 0 csl-271428 0
6 0 csl-306524 0
6 0 csl-394536 0
6 0 csl-382459 0
6 0 csl-366887 0
6 0 csl-145794 0
6 0 csl-094500 0
6 0 csl-302961 0
6 0 csl-343435 0
6 0 csl-198575 0
6 0 csl-290857 0
6 0 csl-256598 0
6 0 csl-217642 0
6 0 csl-065481 0
6 0 csl-108320 0
6 0 csl-065392 0
6 0 csl-196163 0
6 0 csl-047368 0
6 0 csl-113322 0
6 0 csl-017266 0
6 0 csl-377962 0
6 0 csl-341777 0
6 0 csl-041437 0
6 0 csl-344462 0
6 0 csl-284568 0
6 0 csl-057270 0
6 0 csl-053364 0
6 0 csl-190545 0
6 0 csl-313043 0
6 0 csl-069670 0
6 0 csl-361360 0
6 0 csl-228307 0
6 0 csl-231407 0
6 0 csl-196252 0
6 0 csl-107436 0
6 0 csl-226825 0
6 0 csl-010420 1
6 0 csl-276602 0
6 0 csl-031999 0
6 0 csl-154771 0
6 0 csl-270297 0
6 0 csl-326455 0
6 0 csl-037825 0
6 0 csl-239185 0
6 0 csl-287384 0
6 0 csl-115638 0
6 0 csl-305601 0
6 0 csl-122401 0
6 0 csl-206111 0
6 0 csl-014063 0
6 0 csl-348858 0
6 0 csl-119027 0
6 0 csl-035665 0
6 0 csl-180960 0
6 0 csl-183623 0
6 0 csl-340150 0
6 0 csl-215390 0
6 0 csl-288876 0
6 0 csl-146296 0
6 0 csl-359186 0
6 0 csl-359520 0
6 0 csl-127768 0
6 0 csl-101031 0
6 0 csl-223478 0
6 0 csl-291406 0
6 0 csl-024553 0
6 0 csl-199664 0
6 0 csl-268155 0
6 0 csl-309780 0
6 0 csl-074924 0
6 0 csl-198589 0
6 0 csl-034565 0
6 0 csl-225334 0
6 0 csl-330548 0
6 0 csl-228368 0
6 0 csl-059439 0
6 0 csl-358332 0
6 0 csl-042029 0
6 0 csl-360718 0
6 0 csl-042701 0
6 0 csl-051779 0
6 0 csl-254118 0
6 0 csl-168676 0
6 0 csl-109745 0
6 0 csl-296432 0
6 0 csl-123957 0
6 0 csl-162754 0
6 0 csl-313615 0
6 0 csl-208617 0
6 0 csl-259845 0
6 0 csl-218697 0
6 0 csl-272912 0
6 0 csl-211872 0
6 0 csl-217777 0
6 0 csl-209373 0
6 0 csl-186797 0
6 0 csl-320953 0
6 0 csl-133110 0
6 0 csl-318640 0
6 0 csl-100422 0
6 0 csl-205905 0
6 0 csl-380344 0
7 0 csl-143657 0
7 0 csl-109879 0
7 0 csl-148788 0
7 0 csl-005296 0
7 0 csl-164038 0
7 0 csl-390118 0
7 0 csl-042498 0
7 0 csl-175775 0
7 0 csl-325529 0
7 0 csl-042482 0
7 0 csl-147167 0
7 0 csl-054122 0
7 0 csl-190160 0
7 0 csl-125754 0
7 0 csl-139169 0
7 0 csl-097237 0
7 0 csl-008948 0
7 0 csl-343878 0
7 0 csl-078827 0
7 0 csl-223084 1
7 0 csl-264548 0
7 0 csl-044965 0
7 0 csl-349036 0
7 0 csl-318940 0
7 0 csl-012893 0
7 0 csl-088855 0
7 0 csl-138863 0
7 0 csl-321511 1
7 0 csl-197550 0
7 0 csl-080981 0
7 0 csl-151117 0
7 0 csl-269418 0
7 0 csl-063897 0
7 0 csl-230812 0
7 0 csl-319583 0
7 0 csl-148561 0
7 0 csl-150919 0
7 0 csl-224511 0
7 0 csl-123480 0
7 0 csl-340311 0
7 0 csl-348453 0
7 0 csl-004610 1
7 0 csl-373493 0
7 0 csl-061605 0
7 0 csl-139848 0
7 0 csl-260515 0
7 0 csl-074405 0
7 0 csl-040533 0
7 0 csl-225708 1
7 0 csl-042128 0
7 0 csl-283846 0
7 0 csl-031316 0
7 0 csl-186815 0
7 0 csl-389515 0
7 0 csl-157138 0
7 0 csl-328315 0
7 0 csl-386159 0
7 0 csl-170452 0
7 0 csl-284291 1
7 0 csl-177102 0
7 0 csl-176121 0
7 0 csl-024149 1
7 0 csl-386192 0
7 0 csl-125683 0
7 0 csl-327712 0
7 0 csl-255354 1
7 0 csl-384634 0
7 0 csl-368764 0
7 0 csl-079134 0
7 0 csl-366211 0
7 0 csl-101196 0
7 0 csl-393611 0
7 0 csl-111641 1
7 0 csl-240820 0
7 0 csl-192467 0
7 0 csl-372118 0
7 0 csl-327749 0
7 0 csl-286753 1
7 0 csl-262339 0
7 0 csl-392132 0
7 0 csl-162931 0
7 0 csl-319863 0
7 0 csl-128372 0
7 0 csl-077567 0
7 0 csl-296793 0
7 0 csl-346860 0
7 0 csl-342361 0
7 0 csl-374681 0
7 0 csl-164565 0
7 0 csl-329731 0
7 0 csl-314348 0
7 0 csl-179627 0
7 0 csl-049574 0
7 0 csl-385646 0
7 0 csl-105242 0
7 0 csl-215956 0
7 0 csl-383323 0
7 0 csl-158021 0
7 0 csl-292647 0
7 0 csl-230794 0
7 0 csl-212663 0
7 0 csl-330744 1
7 0 csl-245151 0
7 0 csl-310769 0
7 0 csl-389574 0
7 0 csl-249116 0
7 0 csl-036179 0
7 0 csl-168520 0
7 0 csl-394865 0
7 0 csl-212183 0
7 0 csl-254436 0
7 0 csl-286557 0
7 0 csl-047246 0
7 0 csl-296677 0
7 0 csl-365576 0
7 0 csl-321307 0
7 0 csl-214275 0
7 0 csl-144129 0
7 0 csl-391389 0
7 0 csl-135676 0
7 0 csl-249067 0
7 0 csl-272961 0
7 0 csl-281823 0
7 0 csl-154325 1
7 0 csl-370436 0
7 0 csl-102957 0
7 0 csl-245324 0
7 0 csl-121078 0
7 0 csl-220980 0
7 0 csl-071936 0
7 0 csl-378723 0
7 0 csl-240924 0
7 0 csl-339069 0
7 0 csl-011055 0
7 0 csl-342858 0
7 0 csl-256389 0
7 0 csl-018276 0
7 0 csl-253064 0
7 0 csl-223821 0
7 0 csl-069862 0
7 0 csl-172932 0
7 0 csl-371463 0
7 0 csl-284413 0
7 0 csl-223504 0
7 0 csl-032156 0
7 0 csl-297325 0
7 0 csl-197387 0
7 0 csl-023195 0
7 0 csl-174909 0
7 0 csl-295386 0
7 0 csl-305633 0
7 0 csl-338115 1
7 0 csl-379666 0
7 0 csl-298326 0
7 0 csl-372991 0
7 0 csl-098665 0
7 0 csl-084891 0
7 0 csl-077588 0
7 0 csl-275316 0
7 0 csl-149054 0
7 0 csl-000276 0
7 0 csl-216675 0
7 0 csl-197084 0
7 0 csl-267592 0
7 0 csl-177707 0
7 0 csl-038448 0
7 0 csl-173810 0
7 0 csl-099799 0
7 0 csl-329307 0
7 0 csl-124773 0
7 0 csl-022488 0
7 0 csl-224708 0
7 0 csl-257857 0
7 0 csl-075666 0
7 0 csl-032543 0
7 0 csl-002698 0
7 0 csl-182562 0
7 0 csl-072899 0
7 0 csl-271588 0
7 0 csl-179925 0
7 0 csl-097770 0
7 0 csl-267200 0
7 0 csl-117324 0
7 0 csl-305532 0
7 0 csl-112169 0
7 0 csl-391622 0
7 0 csl-140402 0
7 0 csl-156739 0
7 0 csl-145792 0
7 0 csl-386098 0
7 0 csl-048434 0
7 0 csl-230413 0
7 0 csl-090412 0
7 0 csl-043665 0
7 0 csl-319378 0
7 0 csl-166505 0
7 0 csl-192115 0
7 0 csl-071313 0
7 0 csl-384456 0
7 0 csl-145005 0
7 0 csl-120158 0
7 0 csl-380900 0
7 0 csl-387242 0
7 0 csl-367171 0
7 0 csl-202900 0
7 0 csl-101954 0
7 0 csl-380551 0
7 0 csl-004416 0
7 0 csl-146857 0
7 0 csl-127389 1
7 0 csl-280951 0
7 0 csl-278073 0
7 0 csl-162986 0
7 0 csl-017055 0
7 0 csl-325624 0
7 0 csl-372602 0
7 0 csl-349492 0
7 0 csl-087850 0
7 0 csl-362723 0
7 0 csl-355346 0
7 0 csl-043427 0
7 0 csl-057872 0
7 0 csl-103165 0
7 0 csl-380594 0
7 0 csl-204130 0
7 0 csl-097632 0
7 0 csl-352432 0
7 0 csl-374196 0
7 0 csl-071618 0
7 0 csl-311572 0
7 0 csl-386687 0
7 0 csl-063781 0
7 0 csl-255768 0
7 0 csl-118399 1
7 0 csl-362566 0
7 0 csl-224133 0
7 0 csl-277393 0
7 0 csl-115715 0
7 0 csl-316208 0
7 0 csl-112650 0
7 0 csl-236714 0
7 0 csl-147831 0
7 0 csl-364845 0
7 0 csl-204960 0
7 0 csl-094773 0
7 0 csl-057349 0
7 0 csl-315268 0
7 0 csl-017959 0
7 0 csl-217798 0
7 0 csl-061081 0
7 0 csl-260441 0
7 0 csl-102423 0
7 0 csl-080721 0
7 0 csl-150683 0
7 0 csl-393050 0
7 0 csl-007946 0
7 0 csl-143369 0
7 0 csl-015007 0
7 0 csl-071117 0
7 0 csl-245529 0
7 0 csl-189277 0
7 0 csl-247457 0
7 0 csl-023463 0
7 0 csl-369148 0
7 0 csl-230500 0
7 0 csl-076212 0
7 0 csl-358204 0
7 0 csl-086479 0
7 0 csl-343736 0
7 0 csl-077813 0
7 0 csl-350341 0
7 0 csl-384377 0
7 0 csl-058554 0
7 0 csl-066124 0
7 0 csl-228403 0
7 0 csl-354689 0
7 0 csl-312798 0
7 0 csl-169418 0
7 0 csl-161943 0
7 0 csl-344346 0
7 0 csl-016661 1
7 0 csl-375351 0
7 0 csl-009538 1
7 0 csl-332579 1
7 0 csl-151740 0
7 0 csl-305448 0
7 0 csl-167173 0
7 0 csl-041008 0
7 0 csl-218365 0
7 0 csl-115918 0
7 0 csl-007023 0
7 0 csl-262675 0
7 0 csl-356355 0
7 0 csl-324279 0
7 0 csl-386657 0
7 0 csl-060994 0
7 0 csl-293059 0
7 0 csl-247795 0
7 0 csl-051570 0
7 0 csl-221079 0
7 0 csl-221187 0
7 0 csl-273569 0
7 0 csl-084724 0
7 0 csl-178598 0
7 0 csl-252009 1
7 0 csl-145686 0
7 0 csl-332002 0
7 0 csl-344593 0
7 0 csl-312955 0
7 0 csl-203299 0
7 0 csl-242631 0
7 0 csl-278373 0
7 0 csl-055589 0
7 0 csl-162373 0
7 0 csl-230591 1
7 0 csl-386388 0
7 0 csl-277416 0
7 0 csl-242700 0
7 0 csl-349836 0
7 0 csl-385913 0
7 0 csl-192322 0
7 0 csl-127176 0
7 0 csl-019046 0
7 0 csl-182794 0
7 0 csl-060339 0
7 0 csl-374545 0
7 0 csl-086803 0
7 0 csl-119129 0
7 0 csl-327741 0
7 0 csl-199327 0
7 0 csl-198332 0
7 0 csl-125743 0
7 0 csl-315288 0
7 0 csl-114675 0
7 0 csl-078085 0
7 0 csl-327036 0
7 0 csl-167139 0
7 0 csl-031313 0
7 0 csl-190448 0
7 0 csl-281830 0
7 0 csl-016782 0
7 0 csl-056656 0
7 0 csl-351635 0
7 0 csl-112012 0
7 0 csl-135228 0
7 0 csl-260050 0
7 0 csl-143248 0
7 0 csl-061115 0
7 0 csl-109674 0
7 0 csl-144339 0
7 0 csl-035412 0
7 0 csl-224370 0
7 0 csl-234830 0
7 0 csl-371436 0
7 0 csl-302297 0
7 0 csl-341158 0
7 0 csl-265418 0
7 0 csl-298905 0
7 0 csl-362461 0
7 0 csl-000298 0
7 0 csl-182879 0
7 0 csl-348221 0
7 0 csl-385198 0
7 0 csl-297861 0
7 0 csl-089006 0
7 0 csl-177441 1
7 0 csl-104942 0
7 0 csl-094960 0
7 0 csl-319364 0
7 0 csl-036608 0
7 0 csl-277434 0
7 0 csl-211258 0
7 0 csl-299521 0
7 0 csl-301199 0
7 0 csl-032725 0
7 0 csl-282777 0
7 0 csl-374779 0
7 0 csl-333405 0
7 0 csl-184505 0
7 0 csl-323773 0
7 0 csl-301704 0
7 0 csl-303643 0
7 0 csl-323527 0
7 0 csl-246318 0
7 0 csl-277205 0
7 0 csl-352613 0
7 0 csl-266894 0
7 0 csl-380570 0
7 0 csl-079126 0
7 0 csl-256894 0
7 0 csl-042864 0
7 0 csl-005379 0
7 0 csl-058001 0
7 0 csl-331493 0
7 0 csl-385216 0
7 0 csl-390279 0
7 0 csl-189998 0
7 0 csl-066404 0
7 0 csl-163238 0
7 0 csl-211712 0
7 0 csl-133755 0
7 0 csl-300877 0
7 0 csl-118328 0
7 0 csl-272726 0
7 0 csl-030312 1
7 0 csl-265993 0
7 0 csl-074026 0
7 0 csl-088723 0
7 0 csl-143681 0
7 0 csl-372890 0
7 0 csl-088536 0
7 0 csl-138770 0
7 0 csl-344337 0
7 0 csl-216517 0
7 0 csl-155765 0
7 0 csl-128594 0
7 0 csl-386181 0
7 0 csl-311054 0
7 0 csl-306280 0
7 0 csl-289202 0
7 0 csl-083895 0
7 0 csl-232054 0
7 0 csl-259807 0
7 0 csl-087213 0
7 0 csl-251083 0
7 0 csl-277918 0
7 0 csl-041150 0
7 0 csl-363621 0
7 0 csl-184789 0
7 0 csl-194747 0
7 0 csl-294207 0
7 0 csl-309226 0
7 0 csl-105061 0
7 0 csl-327705 0
7 0 csl-148730 0
7 0 csl-257620 0
7 0 csl-158478 0
7 0 csl-103875 0
7 0 csl-343933 0
7 0 csl-226507 0
7 0 csl-293616 0
7 0 csl-269618 0
7 0 csl-013680 0
7 0 csl-285468 0
7 0 csl-067848 0
7 0 csl-214212 0
7 0 csl-050477 0
7 0 csl-066577 0
7 0 csl-094401 0
7 0 csl-053233 0
7 0 csl-283811 0
7 0 csl-128799 0
7 0 csl-070524 0
7 0 csl-130398 0
7 0 csl-087534 0
7 0 csl-309987 0
7 0 csl-230024 0
7 0 csl-146870 0
7 0 csl-002711 0
7 0 csl-043796 0
7 0 csl-217428 0
7 0 csl-250048 0
7 0 csl-104297 0
7 0 csl-192754 0
7 0 csl-386044 0
7 0 csl-164585 0
7 0 csl-279924 0
7 0 csl-131151 0
7 0 csl-058451 0
7 0 csl-337562 0
7 0 csl-062049 0
7 0 csl-055585 0
7 0 csl-051090 0
7 0 csl-147915 0
7 0 csl-274740 0
7 0 csl-237026 0
7 0 csl-038017 0
7 0 csl-109069 0
7 0 csl-282520 0
7 0 csl-374899 0
7 0 csl-023841 0
7 0 csl-031403 0
7 0 csl-043744 0
7 0 csl-207903 0
7 0 csl-196764 0
7 0 csl-092487 0
7 0 csl-141251 0
7 0 csl-099844 0
7 0 csl-344082 0
7 0 csl-135891 0
7 0 csl-241885 0
7 0 csl-272506 0
7 0 csl-092226 0
7 0 csl-282835 0
7 0 csl-234944 0
7 0 csl-367343 0
7 0 csl-332163 0
7 0 csl-278565 0
7 0 csl-163370 0
7 0 csl-259801 0
7 0 csl-201352 0
7 0 csl-178237 0
7 0 csl-387281 0
7 0 csl-185441 0
7 0 csl-355141 0
7 0 csl-069469 0
7 0 csl-055484 0
7 0 csl-148579 0
7 0 csl-079120 0
7 0 csl-079987 0
7 0 csl-371872 0
7 0 csl-094445 0
7 0 csl-053292 0
7 0 csl-158972 0
7 0 csl-269390 0
7 0 csl-194527 0
7 0 csl-178229 0
7 0 csl-051190 0
7 0 csl-135759 0
7 0 csl-252188 0
7 0 csl-337000 0
7 0 csl-369687 0
7 0 csl-229299 0
7 0 csl-368140 0
7 0 csl-068463 0
7 0 csl-098095 0
7 0 csl-244221 0
7 0 csl-159566 0
7 0 csl-186664 0
7 0 csl-353436 0
8 0 csl-328171 0
8 0 csl-196901 0
8 0 csl-023409 0
8 0 csl-318682 0
8 0 csl-063776 0
8 0 csl-379974 0
8 0 csl-027032 0
8 0 csl-391853 0
8 0 csl-280368 0
8 0 csl-154678 0
8 0 csl-007141 1
8 0 csl-126664 0
8 0 csl-315694 0
8 0 csl-369986 0
8 0 csl-017864 0
8 0 csl-067302 0
8 0 csl-222906 0
8 0 csl-128852 0
8 0 csl-039604 0
8 0 csl-127495 0
8 0 csl-185686 0
8 0 csl-133543 0
8 0 csl-122170 0
8 0 csl-184816 0
8 0 csl-063605 0
8 0 csl-142035 0
8 0 csl-208579 0
8 0 csl-088189 0
8 0 csl-222819 0
8 0 csl-034522 0
8 0 csl-240032 0
8 0 csl-322603 0
8 0 csl-108453 0
8 0 csl-113609 0
8 0 csl-302273 0
8 0 csl-098451 0
8 0 csl-006765 0
8 0 csl-229160 0
8 0 csl-014075 0
8 0 csl-148692 0
8 0 csl-058679 0
8 0 csl-391802 0
8 0 csl-059918 0
8 0 csl-347502 0
8 0 csl-180511 0
8 0 csl-056664 0
8 0 csl-373429 0
8 0 csl-213645 0
8 0 csl-358307 0
8 0 csl-395329 0
8 0 csl-225147 0
8 0 csl-213190 0
8 0 csl-194788 0
8 0 csl-146431 0
8 0 csl-230195 0
8 0 csl-337369 0
8 0 csl-327973 0
8 0 csl-224471 0
8 0 csl-249687 0
8 0 csl-180216 0
8 0 csl-282043 0
8 0 csl-381698 0
8 0 csl-284760 0
8 0 csl-380344 0
8 0 csl-222060 0
8 0 csl-316132 0
8 0 csl-219752 0
8 0 csl-299568 0
8 0 csl-328735 0
8 0 csl-174875 0
8 0 csl-040463 0
8 0 csl-112818 0
8 0 csl-175182 0
8 0 csl-122989 0
8 0 csl-005712 0
8 0 csl-132457 0
8 0 csl-323867 0
8 0 csl-215711 0
8 0 csl-348712 0
8 0 csl-249107 0
8 0 csl-260356 0
8 0 csl-107615 0
8 0 csl-046343 0
8 0 csl-123934 0
8 0 csl-026277 0
8 0 csl-345216 0
8 0 csl-196615 0
8 0 csl-152132 0
8 0 csl-119798 0
8 0 csl-204561 0
8 0 csl-170212 0
8 0 csl-136752 0
8 0 csl-238470 0
8 0 csl-010326 0
8 0 csl-302140 0
8 0 csl-250649 0
8 0 csl-026519 1
8 0 csl-056943 0
8 0 csl-230406 0
8 0 csl-360089 0
8 0 csl-285642 0
8 0 csl-094685 0
8 0 csl-384522 0
8 0 csl-130110 0
8 0 csl-343435 0
8 0 csl-361331 0
8 0 csl-158757 0
8 0 csl-279957 0
8 0 csl-253579 0
8 0 csl-085433 0
8 0 csl-069078 0
8 0 csl-239656 0
8 0 csl-278458 0
8 0 csl-140077 0
8 0 csl-231473 0
8 0 csl-255636 0
8 0 csl-273039 0
8 0 csl-178641 0
8 0 csl-219318 0
8 0 csl-267281 0
8 0 csl-282009 0
8 0 csl-162566 0
8 0 csl-149908 0
8 0 csl-165258 0
8 0 csl-365610 0
8 0 csl-361505 0
8 0 csl-310227 0
8 0 csl-176820 0
8 0 csl-363835 0
8 0 csl-018926 0
8 0 csl-318808 0
8 0 csl-055872 0
8 0 csl-216224 1
8 0 csl-265525 0
8 0 csl-024962 0
8 0 csl-111981 0
8 0 csl-166116 0
8 0 csl-147939 0
8 0 csl-001346 0
8 0 csl-270396 0
8 0 csl-119027 0
8 0 csl-180928 0
8 0 csl-215819 1
8 0 csl-270545 0
8 0 csl-019855 0
8 0 csl-338861 0
8 0 csl-241337 0
8 0 csl-265449 0
8 0 csl-050933 0
8 0 csl-017180 0
8 0 csl-001543 0
8 0 csl-237798 0
8 0 csl-089276 0
8 0 csl-394605 0
8 0 csl-260872 0
8 0 csl-193006 0
8 0 csl-215010 0
8 0 csl-177889 0
8 0 csl-194038 0
8 0 csl-047702 0
8 0 csl-023706 0
8 0 csl-189876 0
8 0 csl-189583 0
8 0 csl-315065 0
8 0 csl-250505 0
8 0 csl-152361 0
8 0 csl-280138 0
8 0 csl-344580 0
8 0 csl-067641 0
8 0 csl-253998 0
8 0 csl-183302 0
8 0 csl-090004 0
8 0 csl-010918 0
8 0 csl-347615 0
8 0 csl-156250 0
8 0 csl-194876 0
8 0 csl-072302 0
8 0 csl-222055 0
8 0 csl-255046 0
8 0 csl-035779 0
8 0 csl-008741 0
8 0 csl-346082 0
8 0 csl-199664 0
8 0 csl-231492 0
8 0 csl-181980 0
8 0 csl-120660 0
8 0 csl-033307 0
8 0 csl-263607 1
8 0 csl-308713 0
8 0 csl-351026 0
8 0 csl-173819 0
8 0 csl-218785 0
8 0 csl-345418 0
8 0 csl-104042 0
8 0 csl-129455 0
8 0 csl-250176 0
8 0 csl-352083 0
8 0 csl-366670 1
8 0 csl-248802 0
8 0 csl-112142 0
8 0 csl-223932 0
8 0 csl-212969 0
8 0 csl-228214 0
8 0 csl-155365 0
8 0 csl-094500 0
8 0 csl-185208 0
8 0 csl-138983 0
8 0 csl-198575 0
8 0 csl-192538 0
8 0 csl-335187 0
8 0 csl-168563 0
8 0 csl-132343 0
8 0 csl-136945 0
8 0 csl-383341 0
8 0 csl-083952 0
8 0 csl-177524 0
8 0 csl-387952 0
8 0 csl-138884 0
8 0 csl-181683 0
8 0 csl-393220 0
8 0 csl-182162 0
8 0 csl-376805 0
8 0 csl-006881 0
8 0 csl-081504 0
8 0 csl-389911 0
8 0 csl-200048 0
8 0 csl-126715 0
8 0 csl-065246 0
8 0 csl-074924 0
8 0 csl-091027 0
8 0 csl-092875 0
8 0 csl-353767 0
8 0 csl-330474 0
8 0 csl-176454 0
8 0 csl-393120 0
8 0 csl-097800 0
8 0 csl-244856 0
8 0 csl-238293 0
8 0 csl-171240 0
8 0 csl-038793 0
8 0 csl-115092 0
8 0 csl-298844 0
8 0 csl-269536 0
8 0 csl-188511 0
8 0 csl-379642 0
8 0 csl-388589 0
8 0 csl-326455 0
8 0 csl-309780 0
8 0 csl-105347 0
8 0 csl-117872 0
8 0 csl-327259 0
8 0 csl-052889 0
8 0 csl-149389 0
8 0 csl-042904 0
8 0 csl-222878 0
8 0 csl-173587 0
8 0 csl-139436 0
8 0 csl-384641 0
8 0 csl-165752 0
8 0 csl-388508 0
8 0 csl-330261 0
8 0 csl-358145 3
8 0 csl-216888 0
8 0 csl-258312 0
8 0 csl-026457 0
8 0 csl-122278 0
8 0 csl-012465 0
8 0 csl-091191 0
8 0 csl-388312 0
8 0 csl-052902 0
8 0 csl-360600 0
8 0 csl-228714 0
8 0 csl-269267 0
8 0 csl-302306 0
8 0 csl-223757 0
8 0 csl-085512 0
8 0 csl-242096 0
8 0 csl-332794 0
8 0 csl-151236 0
8 0 csl-188860 0
8 0 csl-005661 0
8 0 csl-241395 0
8 0 csl-361462 0
8 0 csl-048355 0
8 0 csl-228332 0
8 0 csl-093007 0
8 0 csl-048424 0
8 0 csl-313822 0
8 0 csl-211442 0
8 0 csl-086070 0
8 0 csl-148070 0
8 0 csl-120275 0
8 0 csl-282378 0
8 0 csl-210005 0
8 0 csl-385138 0
8 0 csl-390018 0
8 0 csl-049464 0
8 0 csl-261687 0
8 0 csl-266192 0
8 0 csl-183686 0
8 0 csl-331372 0
8 0 csl-240948 0
8 0 csl-385582 0
8 0 csl-290376 0
8 0 csl-130371 0
8 0 csl-320594 0
8 0 csl-236573 0
8 0 csl-334474 0
8 0 csl-200274 0
8 0 csl-174710 0
8 0 csl-258452 0
8 0 csl-046403 0
8 0 csl-150245 0
8 0 csl-042588 0
8 0 csl-357052 0
8 0 csl-060692 0
8 0 csl-076254 0
8 0 csl-247741 0
8 0 csl-299384 0
8 0 csl-315252 0
8 0 csl-032651 0
8 0 csl-343206 0
8 0 csl-329689 0
8 0 csl-074113 0
8 0 csl-216149 0
8 0 csl-058882 0
8 0 csl-310411 0
8 0 csl-061361 0
8 0 csl-383506 1
8 0 csl-144382 0
8 0 csl-011389 0
8 0 csl-207923 0
8 0 csl-187240 0
8 0 csl-291471 0
8 0 csl-269301 0
8 0 csl-031991 0
8 0 csl-330184 0
8 0 csl-133516 0
8 0 csl-186073 0
8 0 csl-172913 0
8 0 csl-392400 0
8 0 csl-330381 0
8 0 csl-367819 0
8 0 csl-231512 0
8 0 csl-310809 0
8 0 csl-238251 0
8 0 csl-277468 0
8 0 csl-310933 0
8 0 csl-166836 0
8 0 csl-000231 0
8 0 csl-114360 0
8 0 csl-252188 0
8 0 csl-275049 0
8 0 csl-260843 0
8 0 csl-121200 0
8 0 csl-057528 0
8 0 csl-188094 0
8 0 csl-272821 0
8 0 csl-129599 0
8 0 csl-321011 0
8 0 csl-025782 0
8 0 csl-394225 0
9 0 csl-162763 3
9 0 csl-359316 3
9 0 csl-202055 0
9 0 csl-172996 0
9 0 csl-250932 3
9 0 csl-034545 0
9 0 csl-339133 0
9 0 csl-267635 0
9 0 csl-308785 0
9 0 csl-380356 3
9 0 csl-340698 0
9 0 csl-154255 0
9 0 csl-036387 0
9 0 csl-164496 0
9 0 csl-238301 0
9 0 csl-070150 0
9 0 csl-375362 0
9 0 csl-224963 3
9 0 csl-011660 0
9 0 csl-308136 0
9 0 csl-099394 0
9 0 csl-377861 0
9 0 csl-217404 0
9 0 csl-389400 0
9 0 csl-299491 0
9 0 csl-063957 0
9 0 csl-138585 0
9 0 csl-280483 0
9 0 csl-359653 3
9 0 csl-191220 0
9 0 csl-226958 0
9 0 csl-001447 0
9 0 csl-286876 0
9 0 csl-021633 0
9 0 csl-194794 0
9 0 csl-385731 0
9 0 csl-368202 0
9 0 csl-060008 0
9 0 csl-139700 0
9 0 csl-378066 0
9 0 csl-042474 0
9 0 csl-113391 0
9 0 csl-009291 0
9 0 csl-229536 0
9 0 csl-109776 0
9 0 csl-376360 0
9 0 csl-182202 0
9 0 csl-052541 0
9 0 csl-122792 0
9 0 csl-204400 0
9 0 csl-308508 3
9 0 csl-132744 3
9 0 csl-053130 0
9 0 csl-017180 0
9 0 csl-286590 0
9 0 csl-008921 0
9 0 csl-154425 0
9 0 csl-235733 0
9 0 csl-001079 0
9 0 csl-253100 0
9 0 csl-229064 0
9 0 csl-251164 3
9 0 csl-227042 0
9 0 csl-178713 3
9 0 csl-090517 0
9 0 csl-217001 3
9 0 csl-390376 0
9 0 csl-137451 3
9 0 csl-393509 0
9 0 csl-146981 0
9 0 csl-224259 0
9 0 csl-275956 0
9 0 csl-031546 0
9 0 csl-072250 3
9 0 csl-091788 0
9 0 csl-108923 1
9 0 csl-193096 0
9 0 csl-143282 0
9 0 csl-189122 0
9 0 csl-157422 0
9 0 csl-195369 0
9 0 csl-256393 0
9 0 csl-173761 0
9 0 csl-239673 0
9 0 csl-133170 0
9 0 csl-111147 0
9 0 csl-377455 0
9 0 csl-364855 0
9 0 csl-250478 0
9 0 csl-200157 0
9 0 csl-299435 1
9 0 csl-021199 1
9 0 csl-266779 0
9 0 csl-287706 0
9 0 csl-240571 0
9 0 csl-391475 0
9 0 csl-216919 0
9 0 csl-251269 3
9 0 csl-235173 0
9 0 csl-199775 0
9 0 csl-286868 0
9 0 csl-128797 0
9 0 csl-214422 0
9 0 csl-301326 3
9 0 csl-075090 0
9 0 csl-330697 0
9 0 csl-070479 0
9 0 csl-225071 0
9 0 csl-140262 0
9 0 csl-125046 0
9 0 csl-352692 0
9 0 csl-099994 0
9 0 csl-234970 0
9 0 csl-374900 0
9 0 csl-040474 0
9 0 csl-114452 0
9 0 csl-138018 0
9 0 csl-387025 0
9 0 csl-086792 1
9 0 csl-153093 3
9 0 csl-258518 1
9 0 csl-038763 0
9 0 csl-132174 0
9 0 csl-280952 1
9 0 csl-388063 0
9 0 csl-047218 0
9 0 csl-352586 0
9 0 csl-197971 0
9 0 csl-149075 0
9 0 csl-049653 0
9 0 csl-070561 0
9 0 csl-368993 0
9 0 csl-309768 0
9 0 csl-090434 0
9 0 csl-093706 0
9 0 csl-094011 3
9 0 csl-377412 0
9 0 csl-106862 0
9 0 csl-042904 0
9 0 csl-183150 0
9 0 csl-065276 0
9 0 csl-396174 0
9 0 csl-389101 0
9 0 csl-201814 0
9 0 csl-101388 0
9 0 csl-100835 0
9 0 csl-284424 0
9 0 csl-052646 0
9 0 csl-088921 0
9 0 csl-181424 0
9 0 csl-261566 0
9 0 csl-388970 0
9 0 csl-364652 3
9 0 csl-369990 0
9 0 csl-378368 0
9 0 csl-374150 3
9 0 csl-122880 0
9 0 csl-364895 0
9 0 csl-226312 0
9 0 csl-288343 0
9 0 csl-223246 0
9 0 csl-274258 0
9 0 csl-162117 0
9 0 csl-094699 0
9 0 csl-097436 0
9 0 csl-395723 0
9 0 csl-101996 0
9 0 csl-318808 0
9 0 csl-359886 0
9 0 csl-153380 0
9 0 csl-336333 0
9 0 csl-264803 0
9 0 csl-312348 0
9 0 csl-116239 0
9 0 csl-287672 3
9 0 csl-316819 0
9 0 csl-331486 0
9 0 csl-342791 0
9 0 csl-279301 3
9 0 csl-328795 0
9 0 csl-314957 0
9 0 csl-210295 1
9 0 csl-186645 0
9 0 csl-003352 3
9 0 csl-009725 0
9 0 csl-018587 0
9 0 csl-376935 0
9 0 csl-179580 0
9 0 csl-135060 1
9 0 csl-046081 0
9 0 csl-130887 3
9 0 csl-164664 0
9 0 csl-329133 0
9 0 csl-094314 0
9 0 csl-082122 3
9 0 csl-385082 0
9 0 csl-037893 0
9 0 csl-085724 0
9 0 csl-276765 0
9 0 csl-335859 0
9 0 csl-387720 0
9 0 csl-198298 0
9 0 csl-027810 0
9 0 csl-346441 0
9 0 csl-158005 0
9 0 csl-018183 0
9 0 csl-047060 0
9 0 csl-133187 0
9 0 csl-222423 3
9 0 csl-124058 0
9 0 csl-241389 0
9 0 csl-019161 1
9 0 csl-130581 0
9 0 csl-028077 1
9 0 csl-221547 0
9 0 csl-046362 0
9 0 csl-177999 0
9 0 csl-062499 0
9 0 csl-336041 0
9 0 csl-283399 0
9 0 csl-296945 0
9 0 csl-386319 0
9 0 csl-222500 0
9 0 csl-295237 0
9 0 csl-127951 0
9 0 csl-378210 0
9 0 csl-093942 0
9 0 csl-273125 0
9 0 csl-104740 0
9 0 csl-105282 0
9 0 csl-276936 0
9 0 csl-333527 0
9 0 csl-048354 0
9 0 csl-162318 0
9 0 csl-265069 0
9 0 csl-019578 0
9 0 csl-183623 0
9 0 csl-161642 0
9 0 csl-145431 0
9 0 csl-033704 0
9 0 csl-137008 0
9 0 csl-163916 0
9 0 csl-122542 0
9 0 csl-055925 0
9 0 csl-326320 0
9 0 csl-261091 0
9 0 csl-092383 0
9 0 csl-307182 0
9 0 csl-339761 0
9 0 csl-136435 0
9 0 csl-056880 0
9 0 csl-160225 0
9 0 csl-101601 0
9 0 csl-198786 0
9 0 csl-349035 0
9 0 csl-074725 0
9 0 csl-336778 0
9 0 csl-083351 0
9 0 csl-225509 0
9 0 csl-206571 0
9 0 csl-108934 0
9 0 csl-265814 3
9 0 csl-025631 0
9 0 csl-305526 0
9 0 csl-239664 0
9 0 csl-016955 0
9 0 csl-030071 0
9 0 csl-252028 0
9 0 csl-043628 0
9 0 csl-163024 0
9 0 csl-207259 0
9 0 csl-333675 0
9 0 csl-133924 0
9 0 csl-340090 0
9 0 csl-077997 0
9 0 csl-228119 0
9 0 csl-204768 0
9 0 csl-387801 0
9 0 csl-201061 0
9 0 csl-184296 0
10 0 csl-231980 0
10 0 csl-335805 0
10 0 csl-238836 1
10 0 csl-002672 0
10 0 csl-157949 0
10 0 csl-308830 0
10 0 csl-074869 3
10 0 csl-161692 0
10 0 csl-262479 0
10 0 csl-214809 0
10 0 csl-333762 0
10 0 csl-140388 1
10 0 csl-065833 0
10 0 csl-359021 0
10 0 csl-002550 0
10 0 csl-194392 0
10 0 csl-268616 0
10 0 csl-354004 0
10 0 csl-351995 0
10 0 csl-036346 1
10 0 csl-010916 0
10 0 csl-286379 0
10 0 csl-032928 0
10 0 csl-018140 0
10 0 csl-391966 0
10 0 csl-088595 0
10 0 csl-032202 3
10 0 csl-369115 0
10 0 csl-371463 0
10 0 csl-182602 0
10 0 csl-036902 0
10 0 csl-367152 0
10 0 csl-360062 0
10 0 csl-376856 0
10 0 csl-362604 0
10 0 csl-192078 0
10 0 csl-112302 0
10 0 csl-353270 0
10 0 csl-054549 0
10 0 csl-190728 0
10 0 csl-127630 0
10 0 csl-100318 0
10 0 csl-198684 0
10 0 csl-213118 0
10 0 csl-075802 0
10 0 csl-006193 0
10 0 csl-241717 0
10 0 csl-120553 0
10 0 csl-120159 0
10 0 csl-376815 0
10 0 csl-274649 0
10 0 csl-228819 0
10 0 csl-011805 0
10 0 csl-285527 0
10 0 csl-354880 0
10 0 csl-098446 0
10 0 csl-309657 0
10 0 csl-327743 0
10 0 csl-180783 0
10 0 csl-071165 0
10 0 csl-199346 1
10 0 csl-081256 0
10 0 csl-061879 0
10 0 csl-017152 0
10 0 csl-162908 0
10 0 csl-335770 0
10 0 csl-149100 0
10 0 csl-255874 0
10 0 csl-119184 0
10 0 csl-189277 0
10 0 csl-163824 0
10 0 csl-360759 0
10 0 csl-240674 0
10 0 csl-266356 0
10 0 csl-158671 0
10 0 csl-335136 0
10 0 csl-268558 0
10 0 csl-303564 0
10 0 csl-388367 0
10 0 csl-366649 0
10 0 csl-283452 0
10 0 csl-312454 0
10 0 csl-145626 0
10 0 csl-013106 0
10 0 csl-059553 1
10 0 csl-127277 0
10 0 csl-188424 0
10 0 csl-295397 0
10 0 csl-311157 0
10 0 csl-326251 0
10 0 csl-088957 0
10 0 csl-021592 0
10 0 csl-314571 0
10 0 csl-281751 0
10 0 csl-223462 0
10 0 csl-004805 0
10 0 csl-073110 0
10 0 csl-287016 0
10 0 csl-378522 0
10 0 csl-316059 0
10 0 csl-313756 0
10 0 csl-321037 0
10 0 csl-053180 0
10 0 csl-081742 0
10 0 csl-282066 0
10 0 csl-039930 0
10 0 csl-122156 0
10 0 csl-154974 0
10 0 csl-206730 0
10 0 csl-224810 0
10 0 csl-308923 0
10 0 csl-387196 0
10 0 csl-367143 0
10 0 csl-377353 0
10 0 csl-152564 0
10 0 csl-153548 0
10 0 csl-263140 1
10 0 csl-334702 0
10 0 csl-038081 0
10 0 csl-017397 0
10 0 csl-041611 1
10 0 csl-036922 0
10 0 csl-078299 0
10 0 csl-330993 0
10 0 csl-195197 0
10 0 csl-038749 0
10 0 csl-056839 0
10 0 csl-184331 0
10 0 csl-084105 0
10 0 csl-139294 0
10 0 csl-364900 0
10 0 csl-343227 0
10 0 csl-368615 0
10 0 csl-106715 0
10 0 csl-012645 0
10 0 csl-280152 0
10 0 csl-229583 0
10 0 csl-284138 0
10 0 csl-124207 0
10 0 csl-302097 0
10 0 csl-227338 0
10 0 csl-074259 0
10 0 csl-140814 0
10 0 csl-092473 0
10 0 csl-186304 0
10 0 csl-252241 0
10 0 csl-106246 0
10 0 csl-296917 0
10 0 csl-001891 0
10 0 csl-228618 0
10 0 csl-134335 0
10 0 csl-182701 0
10 0 csl-269277 0
10 0 csl-042107 0
10 0 csl-258243 0
10 0 csl-030221 0
10 0 csl-206511 0
10 0 csl-392278 0
10 0 csl-313603 0
10 0 csl-038991 0
10 0 csl-250142 0
10 0 csl-251481 0
10 0 csl-117427 0
10 0 csl-117845 0
10 0 csl-369079 0
10 0 csl-043261 0
10 0 csl-331493 0
10 0 csl-393292 0
10 0 csl-182297 0
10 0 csl-271903 0
10 0 csl-281426 0
10 0 csl-130780 0
10 0 csl-240856 0
10 0 csl-037156 0
10 0 csl-324611 0
10 0 csl-256675 0
10 0 csl-141410 0
10 0 csl-033250 1
10 0 csl-395491 0
10 0 csl-004830 0
10 0 csl-183804 0
10 0 csl-016414 0
10 0 csl-171973 0
10 0 csl-085881 0
10 0 csl-268543 1
10 0 csl-120777 0
10 0 csl-329147 0
10 0 csl-141511 3
10 0 csl-267648 0
10 0 csl-023562 0
10 0 csl-243168 0
10 0 csl-109121 0
10 0 csl-315929 0
10 0 csl-263678 0
10 0 csl-118211 0
10 0 csl-376195 0
10 0 csl-255443 0
10 0 csl-383946 1
10 0 csl-098568 0
10 0 csl-099725 0
10 0 csl-224315 0
10 0 csl-172573 0
10 0 csl-192699 0
10 0 csl-157969 0
10 0 csl-187092 0
10 0 csl-330628 0
10 0 csl-084448 0
10 0 csl-368140 0
10 0 csl-202834 0
10 0 csl-308321 0
10 0 csl-018042 0
10 0 csl-017903 0
10 0 csl-016384 0
10 0 csl-326143 0
10 0 csl-143439 0
10 0 csl-245309 0
10 0 csl-225945 0
10 0 csl-139022 0
10 0 csl-066769 0
10 0 csl-314963 0
10 0 csl-241860 0
10 0 csl-321983 0
10 0 csl-082832 0
10 0 csl-108283 1
10 0 csl-299274 0
10 0 csl-024904 0
10 0 csl-113976 0
10 0 csl-263764 0
10 0 csl-216618 0
10 0 csl-094721 0
10 0 csl-046627 0
10 0 csl-101835 0
10 0 csl-138505 0
10 0 csl-237956 0
10 0 csl-271421 0
10 0 csl-116213 0
10 0 csl-090369 0
10 0 csl-035355 0
10 0 csl-239034 0
10 0 csl-254641 0
10 0 csl-392721 0
10 0 csl-204600 0
10 0 csl-128534 0
10 0 csl-274675 0
10 0 csl-128395 0
10 0 csl-387294 0
10 0 csl-005458 0
10 0 csl-073436 0
10 0 csl-223769 0
10 0 csl-052574 0
10 0 csl-360959 0
10 0 csl-393174 0
10 0 csl-044469 0
10 0 csl-241789 0
10 0 csl-064308 1
10 0 csl-065542 0
10 0 csl-047725 0
10 0 csl-076037 0
10 0 csl-097015 1
10 0 csl-087379 0
10 0 csl-258667 0
10 0 csl-390625 0
10 0 csl-203876 0
10 0 csl-063946 0
10 0 csl-054011 0
10 0 csl-262664 0
10 0 csl-304410 0
10 0 csl-021059 0
10 0 csl-303530 0
10 0 csl-283875 0
10 0 csl-083551 0
10 0 csl-104814 0
10 0 csl-220143 0
10 0 csl-147089 0
10 0 csl-396064 0
10 0 csl-089392 1
10 0 csl-206643 0
10 0 csl-050701 0
10 0 csl-344383 0
10 0 csl-110652 0
10 0 csl-158310 0
10 0 csl-056222 0
10 0 csl-042652 0
10 0 csl-039204 0
10 0 csl-016334 0
10 0 csl-261638 0
10 0 csl-284965 0
10 0 csl-373261 0
10 0 csl-314584 0
10 0 csl-003844 0
10 0 csl-092822 0
10 0 csl-148037 0
10 0 csl-024527 0
10 0 csl-187628 0
10 0 csl-308178 0
10 0 csl-021136 0
10 0 csl-266371 0
10 0 csl-083287 0
10 0 csl-216275 0
10 0 csl-134893 0
10 0 csl-344698 0
10 0 csl-104947 0
10 0 csl-335170 0
10 0 csl-198004 0
10 0 csl-102286 0
10 0 csl-224346 0
10 0 csl-345950 0
10 0 csl-027088 0
10 0 csl-133509 0
10 0 csl-066058 0
10 0 csl-034997 0
10 0 csl-363571 0
10 0 csl-083233 0
10 0 csl-249097 0
10 0 csl-322947 0
10 0 csl-043267 0
10 0 csl-293911 0
10 0 csl-062053 0
10 0 csl-038940 0
10 0 csl-237036 0
10 0 csl-190773 0
10 0 csl-269206 0
10 0 csl-380383 0
10 0 csl-041188 0
10 0 csl-212342 3
10 0 csl-186768 0
10 0 csl-097297 0
10 0 csl-138601 1
10 0 csl-156750 0
10 0 csl-373422 0
10 0 csl-295851 0
10 0 csl-030687 0
10 0 csl-095709 0
10 0 csl-145177 0
10 0 csl-113587 0
11 0 csl-254225 0
11 0 csl-184786 0
11 0 csl-149498 0
11 0 csl-223190 0
11 0 csl-389402 0
11 0 csl-125205 0
11 0 csl-107585 0
11 0 csl-156602 0
11 0 csl-216919 0
11 0 csl-063957 0
11 0 csl-093036 0
11 0 csl-312797 0
11 0 csl-106203 0
11 0 csl-159681 0
11 0 csl-375120 0
11 0 csl-139585 0
11 0 csl-063551 0
11 0 csl-240666 0
11 0 csl-077997 0
11 0 csl-185623 0
11 0 csl-072192 0
11 0 csl-189336 0
11 0 csl-278488 0
11 0 csl-158716 0
11 0 csl-119895 0
11 0 csl-208227 0
11 0 csl-136375 0
11 0 csl-011248 0
11 0 csl-060448 0
11 0 csl-274268 0
11 0 csl-018375 0
11 0 csl-268663 0
11 0 csl-265589 0
11 0 csl-210737 0
11 0 csl-189883 0
11 0 csl-277830 0
11 0 csl-356550 0
11 0 csl-329379 0
11 0 csl-311902 0
11 0 csl-074464 0
11 0 csl-231100 0
11 0 csl-043848 0
11 0 csl-387617 0
11 0 csl-197614 0
11 0 csl-255216 0
11 0 csl-287672 0
11 0 csl-021610 0
11 0 csl-021710 0
11 0 csl-305560 0
11 0 csl-326560 0
11 0 csl-326717 0
11 0 csl-110971 0
11 0 csl-174404 0
11 0 csl-011755 0
11 0 csl-314815 0
11 0 csl-395271 0
11 0 csl-321135 0
11 0 csl-116165 0
11 0 csl-210385 0
11 0 csl-315713 1
11 0 csl-038640 0
11 0 csl-205498 0
11 0 csl-227772 0
11 0 csl-309547 0
11 0 csl-034302 0
11 0 csl-395231 0
11 0 csl-151545 0
11 0 csl-053795 0
11 0 csl-207941 0
11 0 csl-156434 0
11 0 csl-219585 0
11 0 csl-304267 0
11 0 csl-043213 0
11 0 csl-353537 0
11 0 csl-293495 0
11 0 csl-324578 3
11 0 csl-174532 0
11 0 csl-146621 0
11 0 csl-155225 0
11 0 csl-259840 0
11 0 csl-036277 0
11 0 csl-373649 0
11 0 csl-152649 0
11 0 csl-071385 0
11 0 csl-199292 0
11 0 csl-330323 0
11 0 csl-230928 0
11 0 csl-321076 0
11 0 csl-075757 0
11 0 csl-261566 0
11 0 csl-015867 3
11 0 csl-255942 0
11 0 csl-301452 0
11 0 csl-247399 0
11 0 csl-087416 0
11 0 csl-195538 0
11 0 csl-074725 0
11 0 csl-051060 0
11 0 csl-221390 0
11 0 csl-245847 0
11 0 csl-131505 1
11 0 csl-236405 0
11 0 csl-390706 0
11 0 csl-229516 0
11 0 csl-089537 0
11 0 csl-079263 0
11 0 csl-191166 1
11 0 csl-157202 0
11 0 csl-094610 0
11 0 csl-011974 0
11 0 csl-085784 0
11 0 csl-039467 0
11 0 csl-122470 0
11 0 csl-339656 0
11 0 csl-006976 0
11 0 csl-102822 0
11 0 csl-316161 0
11 0 csl-386996 0
11 0 csl-047779 0
11 0 csl-322738 0
11 0 csl-234124 0
11 0 csl-250889 0
11 0 csl-020772 0
11 0 csl-222128 0
11 0 csl-064873 0
11 0 csl-139453 0
11 0 csl-128574 0
11 0 csl-318205 0
11 0 csl-389879 0
11 0 csl-118768 1
11 0 csl-316674 0
11 0 csl-268807 0
11 0 csl-031504 0
11 0 csl-320137 0
11 0 csl-034264 1
11 0 csl-161142 0
11 0 csl-100643 0
11 0 csl-370785 0
11 0 csl-189122 0
11 0 csl-277160 0
11 0 csl-355972 0
11 0 csl-163869 0
11 0 csl-239400 0
11 0 csl-093441 1
11 0 csl-094348 0
11 0 csl-159788 0
11 0 csl-307182 0
11 0 csl-240571 0
11 0 csl-078921 0
11 0 csl-311334 0
11 0 csl-198459 0
11 0 csl-265347 0
11 0 csl-285224 0
11 0 csl-384343 0
11 0 csl-286868 0
11 0 csl-259630 0
11 0 csl-283886 0
11 0 csl-363249 0
11 0 csl-133728 0
11 0 csl-031604 0
11 0 csl-148813 0
11 0 csl-122218 0
11 0 csl-021024 0
11 0 csl-294547 1
11 0 csl-357999 0
11 0 csl-301326 3
11 0 csl-138440 0
11 0 csl-205422 0
11 0 csl-041658 0
11 0 csl-294781 0
11 0 csl-154074 0
11 0 csl-293003 0
11 0 csl-114734 0
11 0 csl-104877 0
11 0 csl-160786 0
11 0 csl-137007 0
11 0 csl-142019 3
11 0 csl-133393 1
11 0 csl-318912 0
11 0 csl-101336 1
11 0 csl-342791 0
11 0 csl-149388 1
11 0 csl-159897 0
11 0 csl-349227 0
11 0 csl-092970 0
11 0 csl-148396 0
11 0 csl-098706 0
11 0 csl-353095 0
11 0 csl-144908 0
11 0 csl-082477 0
11 0 csl-009300 0
11 0 csl-361650 1
11 0 csl-251269 0
11 0 csl-200875 0
11 0 csl-240931 0
11 0 csl-376112 0
11 0 csl-099742 0
11 0 csl-272208 0
11 0 csl-268317 0
11 0 csl-182998 0
11 0 csl-086021 0
11 0 csl-068122 0
11 0 csl-239276 1
11 0 csl-224884 0
11 0 csl-133036 0
11 0 csl-092687 0
11 0 csl-366883 3
11 0 csl-192976 0
11 0 csl-217939 0
11 0 csl-345271 0
11 0 csl-201539 0
11 0 csl-330359 0
11 0 csl-301097 0
11 0 csl-207794 0
11 0 csl-325922 0
11 0 csl-111522 0
11 0 csl-363386 0
11 0 csl-020637 0
11 0 csl-239471 1
11 0 csl-388581 3
11 0 csl-092383 0
11 0 csl-364453 0
11 0 csl-282238 0
11 0 csl-106081 0
11 0 csl-181874 0
11 0 csl-172169 1
11 0 csl-351364 0
11 0 csl-365619 0
11 0 csl-030801 0
11 0 csl-029775 0
11 0 csl-091109 0
11 0 csl-367849 0
11 0 csl-151932 0
11 0 csl-307302 0
11 0 csl-019796 1
11 0 csl-096225 0
11 0 csl-270657 0
11 0 csl-052872 0
11 0 csl-318455 0
11 0 csl-388181 0
11 0 csl-320244 0
11 0 csl-208926 0
11 0 csl-158883 0
11 0 csl-224963 0
11 0 csl-104193 0
11 0 csl-390652 0
11 0 csl-121968 0
11 0 csl-304147 3
11 0 csl-163863 0
11 0 csl-172374 0
11 0 csl-329728 3
11 0 csl-085005 0
11 0 csl-169563 0
11 0 csl-111450 0
11 0 csl-175483 0
11 0 csl-130783 0
11 0 csl-034260 0
11 0 csl-310129 0
11 0 csl-067215 1
11 0 csl-094699 0
11 0 csl-041624 0
11 0 csl-053408 0
11 0 csl-285102 1
11 0 csl-073403 0
11 0 csl-316801 0
11 0 csl-374692 1
11 0 csl-101388 0
11 0 csl-156486 0
11 0 csl-088490 0
11 0 csl-029412 0
11 0 csl-043680 0
11 0 csl-030650 0
11 0 csl-190452 0
11 0 csl-205681 1
11 0 csl-032533 0
11 0 csl-265814 3
11 0 csl-213586 0
11 0 csl-364071 0
11 0 csl-053353 0
11 0 csl-167857 0
11 0 csl-362530 0
11 0 csl-293914 0
11 0 csl-162823 0
11 0 csl-384399 0
11 0 csl-275071 1
11 0 csl-355167 0
11 0 csl-206239 0
11 0 csl-298777 0
11 0 csl-166499 1
11 0 csl-222530 0
11 0 csl-090517 0
11 0 csl-085724 0
11 0 csl-300597 0
11 0 csl-392534 0
11 0 csl-030497 0
11 0 csl-074428 0
11 0 csl-392180 0
11 0 csl-392076 0
11 0 csl-021110 0
11 0 csl-327948 0
11 0 csl-140252 0
11 0 csl-338271 0
11 0 csl-354740 0
11 0 csl-337650 0
11 0 csl-305487 0
11 0 csl-015258 0
11 0 csl-101996 0
11 0 csl-330002 0
11 0 csl-326446 0
11 0 csl-087030 0
11 0 csl-253952 3
11 0 csl-021696 0
11 0 csl-357131 0
11 0 csl-104470 0
11 0 csl-127951 0
11 0 csl-187856 0
11 0 csl-116496 0
11 0 csl-235235 0
11 0 csl-248750 0
11 0 csl-365514 0
11 0 csl-190805 0
11 0 csl-280037 0
11 0 csl-360872 0
11 0 csl-169948 0
11 0 csl-251389 0
11 0 csl-318645 0
11 0 csl-220706 0
11 0 csl-283513 0
11 0 csl-143282 0
11 0 csl-145605 0
11 0 csl-067113 0
11 0 csl-187242 1
11 0 csl-311653 0
11 0 csl-350717 0
11 0 csl-133924 0
11 0 csl-072302 0
11 0 csl-264164 0
11 0 csl-260748 0
11 0 csl-158183 0
11 0 csl-198119 0
11 0 csl-046807 0
11 0 csl-390052 0
11 0 csl-366585 0
11 0 csl-171117 0
11 0 csl-144163 0
11 0 csl-301583 0
11 0 csl-316419 0
11 0 csl-026439 0
11 0 csl-294481 0
11 0 csl-011524 0
11 0 csl-049538 0
11 0 csl-375986 0
11 0 csl-263066 0
11 0 csl-108201 0
11 0 csl-321349 0
11 0 csl-340796 0
11 0 csl-388777 0
11 0 csl-306548 0
11 0 csl-044007 1
11 0 csl-286342 0
11 0 csl-309505 0
11 0 csl-078588 0
11 0 csl-103401 0
11 0 csl-046579 0
11 0 csl-109108 0
11 0 csl-028011 0
11 0 csl-342135 0
11 0 csl-339641 0
11 0 csl-130039 0
11 0 csl-329855 1
11 0 csl-040915 0
11 0 csl-341349 0
11 0 csl-147433 0
11 0 csl-384834 0
11 0 csl-216242 1
11 0 csl-396134 0
11 0 csl-170072 0
11 0 csl-240449 0
11 0 csl-222227 0
11 0 csl-046864 0
11 0 csl-346866 0
11 0 csl-060397 0
11 0 csl-071030 0
11 0 csl-363766 0
11 0 csl-231574 0
11 0 csl-246259 0
11 0 csl-374150 0
11 0 csl-247070 0
11 0 csl-377412 0
11 0 csl-218209 0
11 0 csl-343552 0
11 0 csl-038418 0
11 0 csl-219787 0
11 0 csl-385466 0
11 0 csl-357327 0
11 0 csl-148266 0
11 0 csl-373347 0
11 0 csl-388757 0
11 0 csl-350136 0
11 0 csl-279337 0
11 0 csl-335285 0
11 0 csl-221547 0
11 0 csl-226094 0
11 0 csl-224524 0
11 0 csl-382325 0
11 0 csl-012766 0
11 0 csl-393929 0
11 0 csl-160738 0
11 0 csl-008926 0
11 0 csl-327922 0
11 0 csl-322638 0
11 0 csl-225955 0
11 0 csl-321764 0
11 0 csl-131096 0
11 0 csl-290878 0
11 0 csl-176083 0
11 0 csl-329403 0
11 0 csl-023309 0
11 0 csl-217365 0
11 0 csl-236148 0
11 0 csl-251509 0
11 0 csl-162329 0
11 0 csl-307097 0
11 0 csl-033050 0
11 0 csl-276460 0
11 0 csl-205469 0
11 0 csl-174150 0
11 0 csl-387155 0
11 0 csl-012096 0
11 0 csl-229757 0
11 0 csl-121329 0
11 0 csl-021804 0
11 0 csl-185887 0
11 0 csl-016315 0
11 0 csl-206592 0
11 0 csl-286949 0
12 0 csl-346220 0
12 0 csl-327741 0
12 0 csl-007889 0
12 0 csl-012106 0
12 0 csl-362711 0
12 0 csl-295536 0
12 0 csl-021202 0
12 0 csl-065186 0
12 0 csl-185997 0
12 0 csl-055734 0
12 0 csl-182552 0
12 0 csl-183180 0
12 0 csl-309197 0
12 0 csl-304326 0
12 0 csl-261669 0
12 0 csl-242235 0
12 0 csl-366102 3
12 0 csl-334227 0
12 0 csl-053337 0
12 0 csl-131055 0
12 0 csl-136522 0
12 0 csl-062745 0
12 0 csl-381015 0
12 0 csl-181220 0
12 0 csl-227694 0
12 0 csl-132101 0
12 0 csl-361197 0
12 0 csl-067439 0
12 0 csl-297807 0
12 0 csl-155078 0
12 0 csl-218383 3
12 0 csl-201588 0
12 0 csl-311716 0
12 0 csl-131691 0
12 0 csl-111258 0
12 0 csl-225436 0
12 0 csl-123121 0
12 0 csl-333238 0
12 0 csl-297297 0
12 0 csl-021466 0
12 0 csl-258453 3
12 0 csl-196096 0
12 0 csl-257546 0
12 0 csl-375652 0
12 0 csl-161132 0
12 0 csl-195332 0
12 0 csl-096759 0
12 0 csl-311142 0
12 0 csl-015835 0
12 0 csl-201474 0
12 0 csl-051623 0
12 0 csl-343768 0
12 0 csl-314071 0
12 0 csl-154253 0
12 0 csl-396039 0
12 0 csl-032197 0
12 0 csl-122600 0
12 0 csl-216518 0
12 0 csl-318710 0
12 0 csl-193760 0
12 0 csl-276056 0
12 0 csl-192115 0
12 0 csl-334406 0
12 0 csl-204607 0
12 0 csl-019518 0
12 0 csl-211010 0
12 0 csl-355597 0
12 0 csl-209155 0
12 0 csl-013804 3
12 0 csl-166936 0
12 0 csl-011522 0
12 0 csl-301478 0
12 0 csl-057886 0
12 0 csl-286088 0
12 0 csl-376463 0
12 0 csl-223454 0
12 0 csl-200418 0
12 0 csl-051245 0
12 0 csl-246222 0
12 0 csl-380886 0
12 0 csl-212717 0
12 0 csl-066527 0
12 0 csl-009772 0
12 0 csl-322570 0
12 0 csl-335713 0
12 0 csl-242251 0
12 0 csl-327295 0
12 0 csl-334948 1
12 0 csl-274671 0
12 0 csl-077586 0
12 0 csl-033077 0
12 0 csl-162832 3
12 0 csl-153594 0
12 0 csl-339534 0
12 0 csl-201030 0
12 0 csl-142279 0
12 0 csl-332865 0
12 0 csl-234076 0
12 0 csl-057905 0
12 0 csl-388859 0
12 0 csl-103340 0
12 0 csl-114860 0
12 0 csl-191465 0
12 0 csl-240870 0
12 0 csl-356106 0
12 0 csl-055586 0
12 0 csl-098808 0
12 0 csl-196167 0
12 0 csl-376512 0
12 0 csl-380564 0
12 0 csl-350978 0
12 0 csl-209344 0
12 0 csl-255817 0
12 0 csl-217352 0
12 0 csl-196423 0
12 0 csl-008767 0
12 0 csl-312236 0
12 0 csl-142109 0
12 0 csl-068482 0
12 0 csl-373677 0
12 0 csl-294048 0
12 0 csl-200778 0
12 0 csl-063965 0
12 0 csl-067314 0
12 0 csl-038440 0
12 0 csl-281621 0
12 0 csl-272720 0
12 0 csl-119143 0
12 0 csl-388595 0
12 0 csl-047855 3
12 0 csl-114943 0
12 0 csl-372964 0
12 0 csl-155623 0
12 0 csl-037460 0
12 0 csl-331360 0
12 0 csl-350900 0
12 0 csl-007757 0
12 0 csl-059867 0
12 0 csl-169031 0
12 0 csl-252959 0
12 0 csl-380255 0
12 0 csl-288203 0
12 0 csl-048649 0
12 0 csl-155184 0
12 0 csl-132111 0
12 0 csl-228272 0
12 0 csl-263162 0
12 0 csl-085726 0
12 0 csl-148563 0
12 0 csl-205956 0
12 0 csl-000403 0
12 0 csl-261511 0
12 0 csl-333290 0
12 0 csl-261263 0
12 0 csl-183489 0
12 0 csl-191980 0
12 0 csl-335682 0
12 0 csl-354853 0
12 0 csl-372804 0
12 0 csl-139508 0
12 0 csl-358269 0
12 0 csl-048118 0
12 0 csl-343439 0
12 0 csl-328600 0
12 0 csl-118980 0
12 0 csl-389123 0
12 0 csl-100426 0
12 0 csl-154634 0
12 0 csl-167122 0
12 0 csl-181455 0
12 0 csl-294702 0
12 0 csl-293495 0
12 0 csl-100069 0
12 0 csl-374553 0
12 0 csl-143415 0
12 0 csl-376435 0
12 0 csl-202972 0
12 0 csl-189814 0
12 0 csl-304796 0
12 0 csl-063327 0
12 0 csl-254702 0
12 0 csl-292561 0
12 0 csl-319760 0
12 0 csl-316293 0
12 0 csl-339607 0
12 0 csl-193726 0
12 0 csl-164892 0
12 0 csl-033608 0
12 0 csl-363298 0
12 0 csl-095032 0
12 0 csl-131783 0
12 0 csl-385762 0
12 0 csl-389499 0
12 0 csl-129294 0
12 0 csl-219604 0
12 0 csl-220589 0
12 0 csl-130084 0
12 0 csl-142166 0
12 0 csl-083585 0
12 0 csl-353867 0
12 0 csl-391814 0
12 0 csl-007231 0
12 0 csl-068279 0
12 0 csl-078136 0
12 0 csl-192307 0
12 0 csl-037439 0
12 0 csl-228921 0
12 0 csl-292064 0
13 0 csl-319888 0
13 0 csl-096795 0
13 0 csl-107767 0
13 0 csl-285524 0
13 0 csl-187497 0
13 0 csl-181052 0
13 0 csl-202439 0
13 0 csl-136712 0
13 0 csl-394994 0
13 0 csl-029189 0
13 0 csl-245212 1
13 0 csl-020904 0
13 0 csl-121697 0
13 0 csl-191808 1
13 0 csl-288646 0
13 0 csl-148990 0
13 0 csl-081244 1
13 0 csl-308588 1
13 0 csl-308946 0
13 0 csl-383962 0
13 0 csl-110639 1
13 0 csl-033763 3
13 0 csl-042134 0
13 0 csl-155788 0
13 0 csl-360680 0
13 0 csl-236266 0
13 0 csl-066929 0
13 0 csl-276106 0
13 0 csl-389969 1
13 0 csl-128049 0
13 0 csl-292962 0
13 0 csl-332592 0
13 0 csl-204115 1
13 0 csl-038910 0
13 0 csl-050192 0
13 0 csl-170644 0
13 0 csl-156892 0
13 0 csl-368924 3
13 0 csl-216083 1
13 0 csl-047113 0
13 0 csl-207753 0
13 0 csl-042572 0
13 0 csl-234926 1
13 0 csl-217442 0
13 0 csl-080347 0
13 0 csl-102031 1
13 0 csl-119179 3
13 0 csl-325537 0
13 0 csl-012593 0
13 0 csl-078372 1
13 0 csl-366312 1
13 0 csl-036274 1
13 0 csl-228550 0
13 0 csl-119043 0
13 0 csl-278606 0
13 0 csl-294435 0
13 0 csl-257664 1
13 0 csl-262247 0
13 0 csl-200848 0
13 0 csl-330958 0
13 0 csl-350627 1
13 0 csl-237262 0
13 0 csl-136204 3
13 0 csl-130086 0
13 0 csl-032140 0
13 0 csl-114352 0
13 0 csl-153458 1
13 0 csl-229462 3
13 0 csl-246677 0
13 0 csl-204986 0
13 0 csl-174423 0
13 0 csl-052266 0
13 0 csl-146807 0
13 0 csl-073409 0
13 0 csl-004211 0
13 0 csl-046552 3
13 0 csl-394965 0
13 0 csl-086908 1
13 0 csl-214623 0
13 0 csl-187538 1
13 0 csl-315557 0
13 0 csl-181550 0
13 0 csl-024019 1
13 0 csl-020208 0
13 0 csl-341321 1
13 0 csl-286432 0
13 0 csl-391411 0
13 0 csl-041622 0
13 0 csl-080392 1
13 0 csl-172090 1
13 0 csl-001797 0
13 0 csl-320644 0
13 0 csl-277901 0
13 0 csl-130533 0
13 0 csl-370901 0
13 0 csl-257369 0
13 0 csl-184957 1
13 0 csl-059462 0
13 0 csl-326885 0
13 0 csl-061868 0
13 0 csl-210672 0
13 0 csl-088947 0
13 0 csl-380603 0
13 0 csl-024978 0
13 0 csl-355667 0
13 0 csl-247923 0
13 0 csl-194920 1
13 0 csl-208204 0
13 0 csl-177756 1
13 0 csl-273841 0
13 0 csl-284501 0
13 0 csl-320110 0
13 0 csl-192977 0
13 0 csl-153755 3
13 0 csl-341268 1
13 0 csl-109820 1
13 0 csl-156666 0
13 0 csl-164975 0
13 0 csl-095649 1
13 0 csl-171802 0
13 0 csl-196381 1
13 0 csl-276424 0
13 0 csl-118128 1
13 0 csl-276677 0
13 0 csl-060160 0
13 0 csl-327181 0
13 0 csl-217515 0
13 0 csl-351610 0
13 0 csl-105026 0
13 0 csl-262589 0
13 0 csl-325245 1
13 0 csl-337905 0
13 0 csl-272995 0
13 0 csl-310536 0
13 0 csl-056890 1
13 0 csl-302580 0
13 0 csl-292198 1
13 0 csl-269684 0
13 0 csl-118851 1
13 0 csl-102596 0
13 0 csl-287390 1
13 0 csl-358470 0
13 0 csl-131998 0
13 0 csl-348034 0
13 0 csl-104420 0
13 0 csl-284205 0
13 0 csl-115811 0
13 0 csl-333791 0
13 0 csl-173955 1
13 0 csl-365114 0
13 0 csl-331480 0
13 0 csl-051271 0
13 0 csl-197356 1
13 0 csl-090748 1
13 0 csl-335486 0
13 0 csl-258483 0
13 0 csl-285789 0
13 0 csl-011266 0
13 0 csl-020170 1
13 0 csl-196871 0
14 0 csl-251936 0
14 0 csl-119798 0
14 0 csl-261687 0
14 0 csl-279409 0
14 0 csl-203851 0
14 0 csl-231296 0
14 0 csl-031991 0
14 0 csl-250649 0
14 0 csl-224471 0
14 0 csl-296200 0
14 0 csl-145721 0
14 0 csl-361331 0
14 0 csl-027032 0
14 0 csl-265955 0
14 0 csl-026519 0
14 0 csl-007141 0
14 0 csl-366670 0
14 0 csl-091865 0
14 0 csl-186244 0
14 0 csl-083365 0
14 0 csl-288466 0
14 0 csl-011866 0
14 0 csl-237798 0
14 0 csl-175182 0
14 0 csl-046675 0
14 0 csl-328735 0
14 0 csl-321590 0
14 0 csl-385847 0
14 0 csl-395329 1
14 0 csl-357319 0
14 0 csl-076254 0
14 0 csl-079384 0
14 0 csl-191077 0
14 0 csl-216224 1
14 0 csl-283243 0
14 0 csl-236573 3
14 0 csl-122170 3
14 0 csl-256309 0
14 0 csl-263607 0
14 0 csl-113609 0
14 0 csl-358145 0
14 0 csl-039604 3
14 0 csl-083094 0
14 0 csl-322142 0
14 0 csl-003857 0
14 0 csl-345514 0
14 0 csl-122672 0
14 0 csl-126664 0
14 0 csl-229111 0
14 0 csl-010216 0
14 0 csl-377468 0
14 0 csl-050163 1
14 0 csl-234854 0
14 0 csl-315310 0
14 0 csl-129500 0
14 0 csl-280368 0
14 0 csl-054305 0
14 0 csl-128086 0
14 0 csl-373429 0
14 0 csl-128966 0
14 0 csl-002843 0
14 0 csl-318808 0
14 0 csl-015204 0
14 0 csl-350319 0
14 0 csl-222878 0
14 0 csl-090670 3
14 0 csl-315065 0
14 0 csl-302991 0
14 0 csl-017125 0
14 0 csl-170804 0
14 0 csl-155547 0
14 0 csl-385138 3
14 0 csl-116717 0
14 0 csl-208579 0
14 0 csl-135660 0
14 0 csl-273039 0
14 0 csl-260557 0
14 0 csl-330381 0
14 0 csl-384207 3
14 0 csl-279957 0
14 0 csl-248435 0
14 0 csl-116790 0
14 0 csl-310984 0
14 0 csl-362574 0
14 0 csl-056664 0
14 0 csl-007345 0
14 0 csl-093082 0
14 0 csl-111667 0
14 0 csl-060344 0
14 0 csl-267281 0
14 0 csl-005661 1
14 0 csl-282043 0
14 0 csl-015841 0
14 0 csl-349789 0
14 0 csl-286487 0
14 0 csl-247872 0
14 0 csl-216888 0
14 0 csl-278139 3
14 0 csl-315718 0
14 0 csl-334025 3
14 0 csl-024553 0
14 0 csl-393120 1
14 0 csl-231473 0
14 0 csl-127495 0
14 0 csl-120275 0
14 0 csl-184986 0
14 0 csl-194788 0
14 0 csl-192658 3
14 0 csl-379008 0
14 0 csl-227907 0
14 0 csl-302273 0
14 0 csl-200258 0
14 0 csl-316913 0
14 0 csl-227768 0
14 0 csl-013084 1
14 0 csl-345804 0
14 0 csl-363835 0
14 0 csl-279825 3
14 0 csl-260843 3
14 0 csl-386671 0
14 0 csl-242017 0
14 0 csl-069078 3
14 0 csl-299074 0
14 0 csl-200851 0
14 0 csl-215819 1
14 0 csl-388312 0
14 0 csl-291471 3
14 0 csl-214426 0
14 0 csl-142035 0
14 0 csl-391853 0
14 0 csl-146431 0
14 0 csl-290376 0
14 0 csl-060692 0
14 0 csl-384691 0
14 0 csl-305383 0
14 0 csl-391802 0
14 0 csl-331372 0
14 0 csl-224915 0
14 0 csl-387952 0
14 0 csl-129325 0
14 0 csl-245197 1
14 0 csl-177524 0
14 0 csl-281597 0
14 0 csl-215010 0
14 0 csl-311573 0
14 0 csl-103919 0
14 0 csl-230195 0
14 0 csl-254019 0
14 0 csl-136788 0
14 0 csl-362038 0
14 0 csl-082997 0
14 0 csl-294622 0
14 0 csl-351026 0
14 0 csl-330184 0
14 0 csl-344875 0
14 0 csl-106728 0
14 0 csl-058882 0
14 0 csl-040890 0
14 0 csl-225055 0
14 0 csl-103984 0
14 0 csl-261663 0
14 0 csl-200274 0
14 0 csl-345418 0
14 0 csl-108453 0
14 0 csl-337058 0
14 0 csl-309527 0
14 0 csl-111593 0
14 0 csl-099428 0
14 0 csl-093655 0
14 0 csl-308713 0
14 0 csl-264467 0
14 0 csl-297110 0
14 0 csl-328171 0
14 0 csl-026973 0
14 0 csl-099401 0
14 0 csl-326455 0
14 0 csl-094685 0
14 0 csl-299343 0
14 0 csl-013540 0
14 0 csl-038667 0
15 0 csl-313107 0
15 0 csl-278742 0
15 0 csl-080146 0
15 0 csl-192111 0
15 0 csl-302961 0
15 0 csl-255226 0
15 0 csl-005655 0
15 0 csl-211872 1
15 0 csl-348401 0
15 0 csl-304890 0
15 0 csl-245540 0
15 0 csl-001267 0
15 0 csl-375627 0
15 0 csl-029684 0
15 0 csl-231924 0
15 0 csl-157069 0
15 0 csl-267064 0
15 0 csl-107024 0
15 0 csl-200666 0
15 0 csl-394695 0
15 0 csl-176700 0
15 0 csl-378948 0
15 0 csl-146148 0
15 0 csl-222817 0
15 0 csl-167528 1
15 0 csl-160306 0
15 0 csl-040000 0
15 0 csl-076263 0
15 0 csl-277895 0
15 0 csl-109688 1
15 0 csl-024168 0
15 0 csl-066864 1
15 0 csl-390760 1
15 0 csl-075115 0
15 0 csl-155547 0
15 0 csl-064031 0
15 0 csl-054268 0
15 0 csl-106315 0
15 0 csl-173300 0
15 0 csl-358332 0
15 0 csl-305847 3
15 0 csl-098173 0
15 0 csl-066982 0
15 0 csl-053364 0
15 0 csl-093016 0
15 0 csl-226825 1
15 0 csl-077567 0
15 0 csl-300371 0
15 0 csl-270657 0
15 0 csl-272011 0
15 0 csl-139185 0
15 0 csl-098901 0
15 0 csl-323208 0
15 0 csl-158666 0
15 0 csl-395229 0
15 0 csl-102308 0
15 0 csl-342076 0
15 0 csl-033935 0
15 0 csl-084119 0
15 0 csl-157349 0
15 0 csl-207048 1
15 0 csl-035779 0
15 0 csl-217749 0
15 0 csl-386151 0
15 0 csl-339464 0
15 0 csl-045487 0
15 0 csl-286261 0
15 0 csl-294717 0
15 0 csl-234766 0
15 0 csl-018499 1
15 0 csl-003893 0
15 0 csl-130234 0
15 0 csl-174970 0
15 0 csl-347133 0
15 0 csl-312030 0
15 0 csl-029198 0
15 0 csl-318971 0
15 0 csl-131999 1
15 0 csl-328279 0
15 0 csl-105645 0
15 0 csl-318640 0
15 0 csl-275900 3
15 0 csl-193825 0
15 0 csl-003805 0
15 0 csl-224417 0
15 0 csl-160747 0
15 0 csl-386866 0
15 0 csl-304095 0
15 0 csl-156403 0
15 0 csl-318780 0
15 0 csl-183736 0
15 0 csl-303192 0
15 0 csl-031905 0
15 0 csl-101729 1
15 0 csl-388366 1
15 0 csl-371199 0
15 0 csl-330888 0
15 0 csl-231407 0
15 0 csl-111154 0
15 0 csl-010992 0
15 0 csl-083236 0
15 0 csl-293616 0
15 0 csl-193057 0
15 0 csl-226987 0
15 0 csl-088759 0
15 0 csl-273395 0
15 0 csl-251522 0
15 0 csl-099236 0
15 0 csl-123741 1
15 0 csl-225945 0
15 0 csl-254247 0
15 0 csl-032341 0
15 0 csl-368961 0
15 0 csl-019826 0
15 0 csl-256102 0
15 0 csl-125992 0
15 0 csl-163337 0
15 0 csl-132360 0
15 0 csl-322193 0
15 0 csl-007614 0
15 0 csl-232181 1
15 0 csl-015160 0
15 0 csl-275540 0
15 0 csl-053064 0
15 0 csl-111923 0
15 0 csl-208294 0
15 0 csl-242119 0
15 0 csl-383960 0
15 0 csl-348975 0
15 0 csl-243780 0
15 0 csl-115141 0
15 0 csl-356177 0
15 0 csl-339187 0
15 0 csl-203439 0
15 0 csl-293202 0
15 0 csl-064016 0
15 0 csl-106237 0
15 0 csl-264989 0
15 0 csl-261329 0
15 0 csl-185099 0
15 0 csl-100422 0
15 0 csl-069304 0
15 0 csl-032365 0
15 0 csl-213283 0
15 0 csl-152520 0
15 0 csl-062818 0
15 0 csl-344462 0
15 0 csl-180877 0
15 0 csl-267378 0
15 0 csl-313206 0
15 0 csl-208482 0
15 0 csl-327846 0
15 0 csl-273204 0
15 0 csl-303254 0
15 0 csl-366887 0
15 0 csl-276245 0
15 0 csl-199334 0
15 0 csl-352783 0
15 0 csl-150537 0
15 0 csl-266423 0
15 0 csl-099929 0
15 0 csl-297222 0
15 0 csl-161019 0
15 0 csl-202836 0
15 0 csl-386498 0
15 0 csl-007687 0
15 0 csl-173726 0
15 0 csl-143711 0
15 0 csl-100175 0
15 0 csl-305532 0
15 0 csl-083257 0
15 0 csl-370687 0
15 0 csl-303811 0
15 0 csl-382023 0
15 0 csl-272803 3
15 0 csl-205715 0
15 0 csl-177707 0
15 0 csl-266102 0
15 0 csl-279325 0
15 0 csl-222345 0
15 0 csl-394536 0
15 0 csl-306878 0
15 0 csl-295492 0
15 0 csl-170760 0
15 0 csl-108938 0
15 0 csl-202555 0
15 0 csl-295341 0
15 0 csl-233537 0
15 0 csl-097968 0
15 0 csl-269961 0
15 0 csl-026686 0
15 0 csl-145184 0
15 0 csl-168500 0
15 0 csl-313648 0
15 0 csl-348858 0
15 0 csl-201738 0
15 0 csl-191187 0
15 0 csl-018858 0
15 0 csl-317367 0
15 0 csl-190770 0
15 0 csl-137352 0
15 0 csl-264718 0
15 0 csl-184296 0
15 0 csl-310769 0
15 0 csl-334437 0
15 0 csl-021583 0
15 0 csl-074382 0
15 0 csl-100547 0
15 0 csl-332683 0
15 0 csl-366616 0
15 0 csl-129256 0
15 0 csl-105261 0
15 0 csl-189277 0
15 0 csl-188074 0
15 0 csl-137848 0
15 0 csl-109316 0
15 0 csl-042294 0
15 0 csl-141269 1
15 0 csl-317707 0
15 0 csl-012775 0
15 0 csl-329108 0
15 0 csl-344580 0
15 0 csl-245608 0
15 0 csl-274577 0
15 0 csl-108242 0
15 0 csl-042441 0
15 0 csl-122765 0
15 0 csl-393938 0
15 0 csl-197623 0
15 0 csl-146296 3
15 0 csl-322507 0
15 0 csl-211776 0
15 0 csl-191782 0
15 0 csl-010420 0
15 0 csl-067258 0
15 0 csl-394003 0
15 0 csl-180029 0
15 0 csl-047702 0
15 0 csl-300418 0
15 0 csl-205058 0
15 0 csl-038426 0
15 0 csl-324559 0
15 0 csl-247687 0
15 0 csl-228289 0
15 0 csl-334805 0
15 0 csl-050847 0
15 0 csl-390892 0
15 0 csl-228368 1
15 0 csl-257620 0
15 0 csl-292059 0
15 0 csl-213151 0
15 0 csl-081737 0
15 0 csl-253823 0
15 0 csl-093474 0
15 0 csl-178442 0
15 0 csl-116717 0
15 0 csl-128083 0
15 0 csl-283227 0
15 0 csl-357070 0
15 0 csl-055589 0
15 0 csl-083851 0
15 0 csl-330454 0
15 0 csl-030010 0
15 0 csl-394891 0
15 0 csl-054195 0
15 0 csl-319382 0
15 0 csl-232411 0
15 0 csl-378708 0
15 0 csl-009456 0
15 0 csl-237009 0
15 0 csl-291752 0
15 0 csl-166593 0
15 0 csl-395116 0
15 0 csl-030642 0
15 0 csl-226128 0
15 0 csl-075666 0
15 0 csl-324083 0
15 0 csl-052093 0
15 0 csl-167225 0
15 0 csl-301589 0
15 0 csl-220794 0
15 0 csl-269437 0
15 0 csl-001461 0
15 0 csl-225687 1
15 0 csl-232895 0
15 0 csl-123014 0
15 0 csl-290460 0
15 0 csl-309739 0
15 0 csl-023780 0
15 0 csl-230255 0
15 0 csl-215390 0
15 0 csl-321257 0
15 0 csl-157138 0
15 0 csl-354226 0
15 0 csl-153135 0
15 0 csl-242612 0
15 0 csl-123335 0
15 0 csl-157382 0
15 0 csl-109121 0
15 0 csl-183859 1
15 0 csl-112292 0
15 0 csl-077522 0
15 0 csl-321676 0
15 0 csl-331493 0
15 0 csl-164195 0
15 0 csl-037187 0
15 0 csl-354672 0
15 0 csl-023841 0
15 0 csl-194038 1
15 0 csl-251945 0
15 0 csl-362362 0
15 0 csl-183981 0
15 0 csl-259975 0
15 0 csl-382888 0
15 0 csl-365086 0
15 0 csl-369079 0
15 0 csl-201994 0
15 0 csl-180511 0
15 0 csl-046063 0
15 0 csl-152622 0
15 0 csl-382879 0
15 0 csl-325125 0
15 0 csl-332163 0
15 0 csl-131420 0
15 0 csl-296793 0
15 0 csl-222430 0
15 0 csl-246826 0
15 0 csl-385002 0
15 0 csl-213945 0
15 0 csl-019136 0
15 0 csl-205502 0
15 0 csl-357959 0
15 0 csl-363508 0
15 0 csl-161943 0
15 0 csl-282191 0
15 0 csl-018098 0
15 0 csl-371463 0
15 0 csl-045468 0
15 0 csl-103114 0
15 0 csl-340639 0
15 0 csl-158509 0
15 0 csl-386548 0
15 0 csl-218394 0
15 0 csl-060144 0
15 0 csl-006862 0
15 0 csl-100939 0
15 0 csl-239372 0
15 0 csl-140144 0
15 0 csl-100857 0
15 0 csl-204485 0
15 0 csl-334706 0
15 0 csl-220046 0
15 0 csl-341079 0
15 0 csl-199790 0
15 0 csl-031688 0
15 0 csl-343736 0
15 0 csl-359682 0
15 0 csl-365588 0
15 0 csl-033929 0
15 0 csl-239185 0
15 0 csl-071936 0
15 0 csl-125683 0
15 0 csl-067874 0
15 0 csl-020345 0
15 0 csl-049502 0
15 0 csl-051966 0
15 0 csl-217743 0
15 0 csl-052172 0
15 0 csl-247212 0
15 0 csl-345560 0
15 0 csl-128010 0
15 0 csl-367209 0
15 0 csl-343626 0
15 0 csl-129275 0
15 0 csl-002750 0
15 0 csl-352501 0
15 0 csl-295106 0
15 0 csl-259845 0
15 0 csl-384380 0
15 0 csl-115386 0
15 0 csl-222268 0
15 0 csl-059467 0
15 0 csl-132864 0
15 0 csl-317699 0
15 0 csl-227432 0
15 0 csl-247576 0
15 0 csl-049309 0
15 0 csl-103188 0
15 0 csl-096139 0
15 0 csl-196033 0
15 0 csl-133277 0
15 0 csl-264329 0
15 0 csl-295538 0
15 0 csl-024590 0
15 0 csl-376951 0
15 0 csl-105385 0
15 0 csl-325624 0
16 0 csl-092739 0
16 0 csl-211726 0
16 0 csl-238682 0
16 0 csl-288770 0
16 0 csl-166585 0
16 0 csl-249563 0
16 0 csl-110058 0
16 0 csl-157568 0
16 0 csl-280837 0
16 0 csl-021941 0
16 0 csl-058662 0
16 0 csl-369470 0
16 0 csl-371664 0
16 0 csl-284619 0
16 0 csl-150597 0
16 0 csl-247405 0
16 0 csl-049148 0
16 0 csl-037810 0
16 0 csl-183412 0
16 0 csl-152305 0
16 0 csl-367823 0
16 0 csl-180303 0
16 0 csl-024639 0
16 0 csl-174771 0
16 0 csl-008570 0
16 0 csl-327335 0
16 0 csl-277388 0
16 0 csl-163052 0
16 0 csl-051481 0
16 0 csl-233733 0
16 0 csl-335892 0
16 0 csl-104760 0
16 0 csl-035121 0
16 0 csl-358531 0
16 0 csl-387148 1
16 0 csl-081093 0
16 0 csl-108422 1
16 0 csl-367601 0
16 0 csl-234920 0
16 0 csl-190097 0
16 0 csl-004216 0
16 0 csl-002567 0
16 0 csl-329155 0
16 0 csl-121057 0
16 0 csl-063332 0
16 0 csl-180811 0
16 0 csl-187200 0
16 0 csl-111546 0
16 0 csl-019346 0
16 0 csl-329036 0
16 0 csl-126353 1
16 0 csl-004935 0
16 0 csl-157559 0
16 0 csl-009137 0
16 0 csl-066768 0
16 0 csl-209087 1
16 0 csl-319128 0
16 0 csl-228135 0
16 0 csl-275392 0
16 0 csl-329934 0
16 0 csl-196455 0
16 0 csl-093347 0
16 0 csl-108582 0
16 0 csl-238657 0
16 0 csl-308529 0
16 0 csl-338044 0
16 0 csl-354744 0
16 0 csl-103307 0
16 0 csl-051069 0
16 0 csl-126390 0
16 0 csl-364899 0
16 0 csl-244833 0
16 0 csl-206605 0
16 0 csl-036922 0
16 0 csl-370595 0
16 0 csl-065857 0
16 0 csl-203944 0
16 0 csl-057486 0
16 0 csl-083778 0
16 0 csl-095998 0
16 0 csl-044753 0
16 0 csl-123953 0
16 0 csl-188053 0
16 0 csl-078167 0
16 0 csl-169262 0
16 0 csl-312010 0
16 0 csl-072616 0
16 0 csl-034785 0
16 0 csl-079172 0
16 0 csl-342338 0
16 0 csl-199369 0
16 0 csl-308655 0
16 0 csl-177056 0
16 0 csl-048851 0
16 0 csl-319098 0
16 0 csl-303761 0
16 0 csl-259397 0
16 0 csl-364999 0
16 0 csl-253914 0
16 0 csl-101716 0
16 0 csl-091948 0
16 0 csl-093326 0
16 0 csl-145381 0
16 0 csl-016584 0
16 0 csl-000340 0
16 0 csl-070601 0
16 0 csl-086457 0
16 0 csl-172727 0
16 0 csl-274214 0
16 0 csl-373464 0
16 0 csl-082379 0
16 0 csl-304840 0
16 0 csl-104702 0
16 0 csl-230816 0
16 0 csl-122263 0
16 0 csl-186767 0
16 0 csl-351763 0
16 0 csl-354625 0
16 0 csl-046564 0
16 0 csl-181136 0
16 0 csl-329529 0
16 0 csl-094964 0
16 0 csl-066861 0
16 0 csl-228939 0
16 0 csl-071776 0
16 0 csl-268135 0
16 0 csl-133977 0
16 0 csl-103223 0
16 0 csl-088249 0
16 0 csl-021673 0
16 0 csl-113877 0
16 0 csl-004759 0
16 0 csl-185351 0
16 0 csl-123470 0
16 0 csl-284379 0
16 0 csl-235698 0
16 0 csl-192284 0
16 0 csl-300428 1
16 0 csl-266976 0
16 0 csl-162589 0
16 0 csl-176912 0
16 0 csl-186069 0
16 0 csl-363197 0
16 0 csl-336190 0
16 0 csl-251635 0
16 0 csl-363108 0
16 0 csl-098083 0
16 0 csl-372245 0
16 0 csl-355126 0
16 0 csl-356249 0
16 0 csl-325537 0
16 0 csl-199852 0
16 0 csl-043457 0
16 0 csl-033245 0
16 0 csl-225534 0
16 0 csl-212242 0
16 0 csl-119155 0
16 0 csl-076970 0
16 0 csl-181550 0
16 0 csl-323620 0
16 0 csl-375880 0
16 0 csl-160455 0
16 0 csl-365291 0
16 0 csl-103534 0
16 0 csl-040571 0
16 0 csl-325084 0
16 0 csl-297014 0
16 0 csl-087589 0
16 0 csl-337327 0
16 0 csl-292217 0
16 0 csl-246096 0
16 0 csl-270213 0
16 0 csl-281159 0
16 0 csl-342515 0
16 0 csl-010686 0
16 0 csl-169645 0
16 0 csl-385634 0
16 0 csl-308588 0
16 0 csl-337042 0
16 0 csl-017876 0
16 0 csl-171320 0
16 0 csl-339985 0
16 0 csl-323837 0
16 0 csl-302135 0
16 0 csl-274345 0
16 0 csl-295045 0
16 0 csl-006230 0
16 0 csl-137312 0
16 0 csl-322813 0
16 0 csl-146402 0
16 0 csl-165209 0
16 0 csl-028075 0
16 0 csl-300183 0
16 0 csl-069805 0
16 0 csl-193612 0
16 0 csl-001797 0
16 0 csl-210877 0
16 0 csl-044193 0
16 0 csl-117359 0
16 0 csl-083318 0
16 0 csl-317311 0
16 0 csl-026120 0
16 0 csl-075258 0
16 0 csl-277487 0
16 0 csl-044264 0
16 0 csl-334266 0
16 0 csl-008830 0
16 0 csl-339353 0
16 0 csl-118193 0
16 0 csl-248659 0
16 0 csl-287016 0
16 0 csl-339303 0
16 0 csl-270047 0
16 0 csl-261101 0
16 0 csl-265517 0
16 0 csl-101786 0
16 0 csl-358887 0
16 0 csl-336756 1
16 0 csl-068280 0
16 0 csl-264829 0
16 0 csl-099648 0
16 0 csl-310687 0
16 0 csl-043033 0
16 0 csl-225530 0
16 0 csl-076165 0
16 0 csl-380007 0
16 0 csl-165071 0
16 0 csl-139080 0
16 0 csl-246149 0
16 0 csl-236952 0
16 0 csl-014758 0
16 0 csl-127078 0
16 0 csl-076446 0
16 0 csl-094879 0
16 0 csl-334042 0
16 0 csl-187088 0
16 0 csl-284151 0
16 0 csl-190035 0
16 0 csl-115790 0
16 0 csl-210150 0
16 0 csl-048621 0
16 0 csl-105105 0
16 0 csl-363355 0
16 0 csl-129370 0
16 0 csl-328831 0
16 0 csl-329632 0
16 0 csl-073299 0
16 0 csl-081244 0
16 0 csl-195759 0
16 0 csl-173118 0
16 0 csl-291146 0
16 0 csl-129891 0
16 0 csl-114001 0
16 0 csl-318486 0
16 0 csl-253904 0
16 0 csl-234077 0
16 0 csl-237761 0
16 0 csl-309791 0
16 0 csl-154553 0
16 0 csl-329914 0
16 0 csl-317982 0
16 0 csl-076474 0
16 0 csl-371786 0
16 0 csl-194183 0
16 0 csl-193920 0
16 0 csl-293562 0
16 0 csl-284592 0
16 0 csl-394869 0
16 0 csl-140732 0
16 0 csl-046385 0
16 0 csl-291078 0
16 0 csl-198620 0
16 0 csl-367590 0
16 0 csl-246991 0
16 0 csl-218260 0
16 0 csl-149832 0
16 0 csl-311197 0
16 0 csl-269294 0
16 0 csl-041292 0
16 0 csl-311523 0
16 0 csl-232372 0
16 0 csl-317422 0
16 0 csl-395563 0
16 0 csl-365422 0
16 0 csl-032213 0
16 0 csl-071741 0
16 0 csl-032734 0
16 0 csl-392235 0
16 0 csl-264001 0
16 0 csl-103323 0
16 0 csl-365113 0
16 0 csl-220727 0
16 0 csl-378855 0
16 0 csl-296634 0
16 0 csl-016950 0
16 0 csl-089325 0
16 0 csl-061677 0
16 0 csl-158414 0
16 0 csl-305641 0
16 0 csl-293620 0
16 0 csl-174515 0
16 0 csl-289041 0
16 0 csl-171948 0
16 0 csl-119179 0
16 0 csl-309582 0
16 0 csl-121926 0
16 0 csl-380383 0
16 0 csl-283808 1
16 0 csl-313262 1
16 0 csl-027392 0
16 0 csl-230629 0
16 0 csl-094157 0
16 0 csl-079255 0
16 0 csl-168772 0
16 0 csl-211917 0
16 0 csl-035272 0
16 0 csl-357139 0
16 0 csl-266787 0
16 0 csl-326404 0
16 0 csl-364324 0
16 0 csl-129738 0
16 0 csl-172155 0
16 0 csl-211411 0
16 0 csl-034035 0
16 0 csl-335157 0
16 0 csl-190690 0
16 0 csl-216296 0
16 0 csl-294219 0
16 0 csl-384275 0
16 0 csl-273316 0
16 0 csl-195177 0
16 0 csl-032188 0
16 0 csl-234420 1
16 0 csl-188936 0
16 0 csl-172228 0
16 0 csl-213967 0
16 0 csl-355958 0
16 0 csl-303530 0
16 0 csl-350554 0
16 0 csl-194279 0
16 0 csl-197135 0
16 0 csl-153339 0
16 0 csl-114713 0
16 0 csl-024897 0
16 0 csl-393238 0
17 0 csl-315888 0
17 0 csl-307128 0
17 0 csl-225722 0
17 0 csl-047065 0
17 0 csl-311923 3
17 0 csl-191204 0
17 0 csl-363448 0
17 0 csl-281526 0
17 0 csl-038910 0
17 0 csl-299622 1
17 0 csl-128822 0
17 0 csl-167159 0
17 0 csl-254637 0
17 0 csl-254090 0
17 0 csl-100240 0
17 0 csl-031320 0
17 0 csl-157544 0
17 0 csl-008062 0
17 0 csl-097878 0
17 0 csl-029446 0
17 0 csl-234817 0
17 0 csl-218442 3
17 0 csl-321243 0
17 0 csl-063011 0
17 0 csl-091714 0
17 0 csl-104574 0
17 0 csl-254352 1
17 0 csl-206325 0
17 0 csl-251704 0
17 0 csl-303962 0
17 0 csl-009318 0
17 0 csl-040422 0
17 0 csl-102162 0
17 0 csl-321235 0
17 0 csl-003598 0
17 0 csl-357335 0
17 0 csl-108955 0
17 0 csl-133462 0
17 0 csl-154550 0
17 0 csl-268252 0
17 0 csl-290775 0
17 0 csl-305311 0
17 0 csl-232112 0
17 0 csl-260655 0
17 0 csl-250955 0
17 0 csl-296331 0
17 0 csl-136563 0
17 0 csl-176930 0
17 0 csl-051402 0
17 0 csl-053135 0
17 0 csl-365854 0
17 0 csl-183748 0
17 0 csl-389059 0
17 0 csl-132911 0
17 0 csl-206833 0
17 0 csl-112253 0
17 0 csl-315220 0
17 0 csl-044042 0
17 0 csl-217387 0
17 0 csl-092606 0
17 0 csl-049094 0
17 0 csl-247082 0
17 0 csl-216632 0
17 0 csl-199474 3
17 0 csl-182428 0
17 0 csl-041074 0
17 0 csl-331816 0
17 0 csl-186298 0
17 0 csl-058167 0
17 0 csl-304619 0
17 0 csl-224985 0
17 0 csl-181618 0
17 0 csl-190065 3
17 0 csl-306912 0
17 0 csl-394035 0
17 0 csl-368167 0
17 0 csl-278457 0
17 0 csl-118045 0
17 0 csl-168497 0
17 0 csl-223464 0
17 0 csl-235312 0
17 0 csl-269057 0
17 0 csl-292298 1
17 0 csl-306959 0
17 0 csl-174320 0
17 0 csl-388633 0
17 0 csl-051271 0
17 0 csl-327580 0
17 0 csl-031053 0
17 0 csl-279114 0
17 0 csl-010524 0
17 0 csl-369231 0
17 0 csl-013333 0
17 0 csl-358263 0
17 0 csl-247360 0
17 0 csl-109405 0
17 0 csl-344372 0
17 0 csl-026982 0
17 0 csl-205172 0
17 0 csl-211121 0
17 0 csl-241778 0
17 0 csl-393933 0
17 0 csl-193849 0
17 0 csl-252658 0
17 0 csl-075981 0
17 0 csl-153486 0
17 0 csl-206588 0
17 0 csl-056917 0
17 0 csl-198256 0
17 0 csl-170222 0
17 0 csl-289839 3
17 0 csl-171113 0
17 0 csl-040157 0
17 0 csl-036855 0
17 0 csl-352141 0
17 0 csl-358470 0
17 0 csl-069375 0
17 0 csl-164612 0
17 0 csl-067370 0
17 0 csl-027175 0
17 0 csl-093927 0
17 0 csl-358119 0
17 0 csl-093699 0
17 0 csl-147237 0
17 0 csl-133711 0
17 0 csl-205640 0
17 0 csl-114354 0
17 0 csl-052099 0
17 0 csl-052034 0
17 0 csl-286621 0
17 0 csl-357767 0
17 0 csl-289878 0
17 0 csl-194399 0
17 0 csl-032644 0
17 0 csl-114081 0
17 0 csl-084666 0
17 0 csl-240810 0
17 0 csl-024336 0
17 0 csl-248944 0
17 0 csl-185342 0
17 0 csl-072763 0
17 0 csl-231572 0
17 0 csl-285612 0
17 0 csl-274604 0
17 0 csl-350603 0
17 0 csl-144187 0
17 0 csl-003308 0
17 0 csl-229918 0
17 0 csl-231141 0
17 0 csl-275364 0
17 0 csl-303064 0
17 0 csl-039105 0
17 0 csl-112443 0
17 0 csl-141439 0
17 0 csl-202257 0
17 0 csl-060071 0
17 0 csl-137869 0
17 0 csl-163800 0
17 0 csl-286698 0
17 0 csl-084898 0
17 0 csl-394166 0
17 0 csl-267185 0
17 0 csl-350910 0
17 0 csl-185179 0
17 0 csl-369584 0
17 0 csl-223933 0
17 0 csl-333170 0
17 0 csl-311646 0
17 0 csl-286682 0
17 0 csl-308529 0
17 0 csl-068443 0
17 0 csl-384899 0
17 0 csl-064201 0
17 0 csl-194224 0
17 0 csl-010182 0
17 0 csl-374490 0
17 0 csl-265305 0
17 0 csl-156892 0
17 0 csl-104302 0
17 0 csl-284478 0
17 0 csl-335204 0
17 0 csl-013406 0
17 0 csl-099794 0
17 0 csl-033977 0
17 0 csl-177131 0
17 0 csl-013628 0
17 0 csl-089432 0
17 0 csl-316903 0
17 0 csl-359684 0
18 0 csl-101706 0
18 0 csl-034565 0
18 0 csl-392288 0
18 0 csl-307302 0
18 0 csl-012183 0
18 0 csl-253585 0
18 0 csl-232555 0
18 0 csl-036961 0
18 0 csl-104127 0
18 0 csl-362874 0
18 0 csl-121567 0
18 0 csl-300983 0
18 0 csl-042508 0
18 0 csl-263368 0
18 0 csl-071048 0
18 0 csl-222149 0
18 0 csl-016353 0
18 0 csl-174666 0
18 0 csl-107251 0
18 0 csl-306733 0
18 0 csl-065251 0
18 0 csl-081082 0
18 0 csl-322055 0
18 0 csl-076885 0
18 0 csl-042710 0
18 0 csl-173971 0
18 0 csl-213619 0
18 0 csl-349820 0
18 0 csl-154771 0
18 0 csl-081705 0
18 0 csl-284314 0
18 0 csl-053064 0
18 0 csl-143555 0
18 0 csl-269311 0
18 0 csl-124654 0
18 0 csl-140188 0
18 0 csl-172439 0
18 0 csl-348370 0
18 0 csl-329719 0
18 0 csl-351588 0
18 0 csl-296945 0
18 0 csl-305643 0
18 0 csl-041423 0
18 0 csl-333527 0
18 0 csl-321214 0
18 0 csl-221459 0
18 0 csl-353921 0
18 0 csl-317491 1
18 0 csl-100998 0
18 0 csl-388581 3
18 0 csl-035446 0
18 0 csl-161713 0
18 0 csl-108608 0
18 0 csl-185699 0
18 0 csl-367170 0
18 0 csl-369695 3
18 0 csl-251547 0
18 0 csl-171107 0
18 0 csl-295836 0
18 0 csl-208294 0
18 0 csl-384286 0
18 0 csl-099126 0
18 0 csl-255384 0
18 0 csl-348261 0
18 0 csl-200210 0
18 0 csl-130175 0
18 0 csl-357258 0
18 0 csl-208740 0
18 0 csl-168240 0
18 0 csl-333701 0
18 0 csl-296303 0
18 0 csl-254857 0
18 0 csl-214088 0
18 0 csl-395193 0
18 0 csl-070515 0
18 0 csl-114360 0
18 0 csl-288121 0
18 0 csl-106945 0
18 0 csl-239276 0
18 0 csl-171569 0
18 0 csl-349560 0
18 0 csl-055724 0
18 0 csl-028519 0
18 0 csl-088500 0
18 0 csl-008926 0
18 0 csl-230648 0
18 0 csl-116758 0
18 0 csl-331069 0
18 0 csl-068708 0
18 0 csl-227189 0
18 0 csl-366390 0
18 0 csl-351434 0
18 0 csl-272971 0
18 0 csl-047998 0
18 0 csl-343871 0
18 0 csl-321254 0
18 0 csl-361101 0
18 0 csl-339569 0
18 0 csl-331723 0
18 0 csl-085757 0
18 0 csl-335891 0
18 0 csl-038206 0
18 0 csl-373348 0
18 0 csl-249204 0
18 0 csl-361650 0
18 0 csl-061452 0
18 0 csl-033580 0
18 0 csl-063218 0
18 0 csl-135350 0
18 0 csl-084161 0
18 0 csl-194589 0
18 0 csl-328217 0
18 0 csl-286764 0
18 0 csl-074428 0
18 0 csl-283868 0
18 0 csl-124095 0
18 0 csl-377443 0
18 0 csl-183083 0
18 0 csl-244959 0
18 0 csl-186259 0
18 0 csl-323285 0
18 0 csl-124011 0
18 0 csl-241593 0
18 0 csl-224593 0
18 0 csl-378064 0
18 0 csl-285706 0
18 0 csl-002100 0
18 0 csl-056943 0
18 0 csl-036968 0
18 0 csl-053081 0
18 0 csl-038418 0
18 0 csl-101149 0
18 0 csl-082155 0
18 0 csl-047116 0
18 0 csl-016536 0
18 0 csl-149388 0
18 0 csl-350612 0
18 0 csl-381698 0
18 0 csl-092131 0
18 0 csl-238796 0
18 0 csl-239523 0
18 0 csl-123299 0
18 0 csl-114882 0
18 0 csl-045618 0
18 0 csl-372342 0
18 0 csl-173792 0
18 0 csl-302758 0
18 0 csl-041266 0
18 0 csl-059935 0
18 0 csl-058934 0
18 0 csl-224053 1
18 0 csl-023509 0
18 0 csl-015401 0
18 0 csl-379026 0
18 0 csl-017105 0
18 0 csl-380818 0
18 0 csl-085171 0
18 0 csl-161239 0
18 0 csl-067215 0
18 0 csl-277731 0
18 0 csl-260526 0
18 0 csl-249533 0
18 0 csl-384640 0
18 0 csl-345947 0
18 0 csl-283824 0
18 0 csl-277402 0
18 0 csl-314305 0
18 0 csl-277977 0
18 0 csl-203077 0
18 0 csl-299820 0
18 0 csl-063738 0
18 0 csl-300554 0
18 0 csl-238528 0
18 0 csl-309929 0
18 0 csl-049388 0
18 0 csl-042658 0
18 0 csl-027094 0
18 0 csl-053695 0
18 0 csl-165647 0
18 0 csl-157478 0
18 0 csl-189632 0
18 0 csl-166768 0
18 0 csl-150765 0
18 0 csl-121522 0
18 0 csl-268000 0
18 0 csl-357511 0
18 0 csl-260748 0
18 0 csl-087784 0
18 0 csl-370265 0
18 0 csl-351199 0
18 0 csl-232202 0
18 0 csl-118557 0
18 0 csl-055641 0
18 0 csl-308186 0
18 0 csl-171096 0
18 0 csl-178516 0
18 0 csl-348705 0
18 0 csl-133707 0
18 0 csl-117797 0
18 0 csl-246556 0
18 0 csl-339175 0
18 0 csl-073694 0
18 0 csl-329485 0
18 0 csl-183002 0
18 0 csl-315952 1
18 0 csl-320898 0
18 0 csl-355093 0
18 0 csl-242627 0
18 0 csl-093794 0
18 0 csl-370079 0
18 0 csl-349144 0
18 0 csl-013874 0
18 0 csl-029278 0
18 0 csl-338652 0
18 0 csl-339641 0
18 0 csl-039372 0
18 0 csl-078355 0
18 0 csl-322563 0
18 0 csl-084042 0
18 0 csl-172550 0
18 0 csl-305487 0
18 0 csl-303025 0
18 0 csl-133927 0
18 0 csl-360509 0
18 0 csl-020699 0
18 0 csl-395707 0
18 0 csl-190110 0
18 0 csl-229731 0
18 0 csl-196738 0
18 0 csl-137038 0
18 0 csl-318922 0
18 0 csl-072302 0
18 0 csl-140467 0
18 0 csl-132369 0
18 0 csl-060989 1
18 0 csl-315713 0
18 0 csl-080822 0
18 0 csl-178440 0
18 0 csl-226748 0
18 0 csl-060847 0
18 0 csl-317723 0
18 0 csl-024468 0
18 0 csl-018492 0
18 0 csl-081483 0
18 0 csl-160575 0
18 0 csl-275461 0
18 0 csl-282278 0
18 0 csl-129326 0
18 0 csl-066973 0
18 0 csl-353292 0
18 0 csl-098663 0
18 0 csl-322185 0
18 0 csl-247459 0
18 0 csl-161323 0
18 0 csl-379676 0
18 0 csl-159856 0
18 0 csl-203187 0
18 0 csl-368831 0
18 0 csl-297506 0
18 0 csl-104786 0
18 0 csl-295198 0
18 0 csl-299505 0
18 0 csl-119618 0
18 0 csl-132109 0
18 0 csl-164810 0
18 0 csl-023460 0
18 0 csl-346106 0
18 0 csl-103479 0
18 0 csl-327619 0
18 0 csl-161531 0
18 0 csl-005718 0
18 0 csl-355167 0
18 0 csl-187814 0
18 0 csl-309602 0
18 0 csl-261578 0
18 0 csl-188466 0
18 0 csl-150034 0
18 0 csl-298171 0
18 0 csl-194096 0
18 0 csl-137451 0
18 0 csl-206589 0
18 0 csl-050952 0
18 0 csl-095929 0
18 0 csl-258947 0
18 0 csl-134142 0
18 0 csl-193252 0
18 0 csl-090843 0
18 0 csl-317679 0
18 0 csl-244775 0
18 0 csl-322683 0
18 0 csl-183622 0
18 0 csl-316161 3
18 0 csl-174050 0
18 0 csl-097035 0
18 0 csl-297894 0
18 0 csl-373809 0
18 0 csl-330231 0
18 0 csl-145092 0
18 0 csl-322818 0
18 0 csl-001886 0
18 0 csl-133931 1
18 0 csl-379999 0
18 0 csl-098114 0
18 0 csl-158884 0
18 0 csl-206154 0
18 0 csl-092970 0
18 0 csl-330002 0
18 0 csl-210591 0
18 0 csl-279339 0
18 0 csl-299168 0
18 0 csl-108934 3
18 0 csl-134579 3
20 0 csl-029703 0
20 0 csl-322683 0
20 0 csl-332248 0
20 0 csl-081179 0
20 0 csl-126534 0
20 0 csl-172317 0
20 0 csl-020610 0
20 0 csl-292114 0
20 0 csl-278219 0
20 0 csl-121898 0
20 0 csl-149388 0
20 0 csl-028011 0
20 0 csl-178120 0
20 0 csl-314604 0
20 0 csl-214043 0
20 0 csl-276517 0
20 0 csl-354410 0
20 0 csl-380805 0
20 0 csl-120477 0
20 0 csl-000098 0
20 0 csl-195705 0
20 0 csl-316161 3
20 0 csl-129224 0
20 0 csl-076885 0
20 0 csl-377443 0
20 0 csl-005834 0
20 0 csl-025896 0
20 0 csl-208926 0
20 0 csl-116790 0
20 0 csl-179684 0
20 0 csl-243874 0
20 0 csl-012334 0
20 0 csl-192366 0
20 0 csl-143822 0
20 0 csl-186632 0
20 0 csl-293261 0
20 0 csl-211664 0
20 0 csl-045618 0
20 0 csl-393606 0
20 0 csl-299846 0
20 0 csl-395193 0
20 0 csl-315713 0
20 0 csl-355455 0
20 0 csl-303244 0
20 0 csl-208223 0
20 0 csl-053408 0
20 0 csl-369076 0
20 0 csl-178025 0
20 0 csl-075448 0
20 0 csl-083203 0
20 0 csl-120864 0
20 0 csl-307423 0
20 0 csl-070188 0
20 0 csl-348261 0
20 0 csl-130227 0
20 0 csl-001593 0
20 0 csl-097439 0
20 0 csl-230509 0
20 0 csl-213586 0
20 0 csl-268663 1
20 0 csl-133036 0
20 0 csl-024997 0
20 0 csl-243348 0
20 0 csl-194703 0
20 0 csl-313451 0
20 0 csl-065315 0
20 0 csl-346357 0
20 0 csl-188466 0
20 0 csl-215991 0
20 0 csl-264164 0
20 0 csl-238528 0
20 0 csl-290849 0
20 0 csl-117999 0
20 0 csl-173971 0
20 0 csl-241378 0
20 0 csl-000253 0
20 0 csl-260748 0
20 0 csl-344550 0
20 0 csl-002100 0
20 0 csl-086328 0
20 0 csl-286874 0
20 0 csl-001749 0
20 0 csl-044007 0
20 0 csl-091836 0
20 0 csl-305400 0
20 0 csl-237261 0
20 0 csl-217558 0
20 0 csl-358762 0
20 0 csl-006049 0
20 0 csl-170081 0
20 0 csl-074428 0
20 0 csl-203077 0
20 0 csl-042323 0
20 0 csl-020485 0
20 0 csl-320983 0
20 0 csl-296142 0
20 0 csl-242323 0
20 0 csl-175444 0
20 0 csl-232801 0
20 0 csl-249712 0
20 0 csl-090517 1
20 0 csl-219171 0
20 0 csl-082088 0
20 0 csl-101252 0
20 0 csl-154589 0
20 0 csl-306733 0
20 0 csl-029278 0
20 0 csl-031405 0
20 0 csl-034954 0
20 0 csl-045786 0
20 0 csl-101612 0
20 0 csl-261578 0
20 0 csl-219253 0
20 0 csl-234417 0
20 0 csl-251831 0
20 0 csl-121918 0
20 0 csl-299820 0
20 0 csl-282589 0
20 0 csl-088517 0
20 0 csl-300159 0
20 0 csl-356003 0
20 0 csl-239166 0
20 0 csl-069224 0
20 0 csl-288121 0
20 0 csl-243876 0
20 0 csl-161504 0
20 0 csl-224851 0
20 0 csl-126990 0
20 0 csl-246259 0
20 0 csl-337432 0
20 0 csl-022158 0
20 0 csl-176019 0
20 0 csl-307302 0
20 0 csl-194589 0
20 0 csl-107918 0
20 0 csl-381698 0
20 0 csl-298949 0
20 0 csl-072192 0
20 0 csl-103891 0
20 0 csl-108608 0
20 0 csl-290648 0
20 0 csl-322185 0
20 0 csl-029729 0
20 0 csl-130175 0
20 0 csl-171096 0
20 0 csl-091863 0
20 0 csl-364125 0
20 0 csl-089343 0
20 0 csl-005153 0
20 0 csl-349799 0
20 0 csl-020337 0
20 0 csl-178968 0
20 0 csl-171810 0
20 0 csl-285706 0
20 0 csl-242903 0
20 0 csl-184135 0
20 0 csl-320808 0
20 0 csl-050825 0
20 0 csl-246159 0
20 0 csl-047599 0
20 0 csl-003915 0
20 0 csl-140891 0
20 0 csl-027627 0
20 0 csl-038723 0
20 0 csl-191387 0
20 0 csl-004078 0
20 0 csl-133086 0
20 0 csl-320137 0
20 0 csl-059248 0
20 0 csl-322470 0
20 0 csl-380818 0
20 0 csl-246265 0
20 0 csl-229012 0
20 0 csl-194702 0
20 0 csl-342681 0
20 0 csl-123864 0
20 0 csl-226617 0
20 0 csl-012183 0
20 0 csl-134579 3
20 0 csl-098193 0
20 0 csl-361650 0
20 0 csl-134606 0
20 0 csl-212341 0
20 0 csl-146824 0
20 0 csl-305474 0
20 0 csl-108450 0
20 0 csl-287113 0
20 0 csl-158071 0
20 0 csl-137451 0
20 0 csl-349831 0
20 0 csl-245074 0
20 0 csl-015401 0
20 0 csl-296303 0
20 0 csl-304147 0
20 0 csl-081854 0
20 0 csl-374482 0
20 0 csl-392288 0
20 0 csl-216218 0
20 0 csl-165631 0
20 0 csl-202281 0
20 0 csl-078218 0
20 0 csl-047791 0
20 0 csl-244929 0
20 0 csl-142909 0
20 0 csl-394188 0
20 0 csl-126245 0
20 0 csl-304599 0
20 0 csl-231737 0
20 0 csl-203988 0
20 0 csl-329961 0
20 0 csl-276074 0
20 0 csl-067215 0
20 0 csl-140449 0
20 0 csl-143399 0
20 0 csl-126431 0
20 0 csl-182022 0
20 0 csl-101637 0
20 0 csl-144908 0
20 0 csl-101597 0
20 0 csl-198211 0
20 0 csl-114134 0
20 0 csl-131518 0
20 0 csl-132109 0
20 0 csl-309602 0
20 0 csl-105198 0
20 0 csl-054876 0
20 0 csl-140467 0
20 0 csl-078126 0
20 0 csl-063215 0
20 0 csl-112293 0
20 0 csl-387179 0
20 0 csl-103934 0
20 0 csl-051430 0
20 0 csl-388581 3
20 0 csl-043545 0
20 0 csl-033844 0
20 0 csl-260526 0
20 0 csl-230648 0
20 0 csl-195288 0
20 0 csl-395719 0
20 0 csl-024678 0
20 0 csl-064021 0
20 0 csl-136661 0
20 0 csl-099236 0
20 0 csl-323285 0
20 0 csl-269333 0
20 0 csl-253585 0
20 0 csl-340538 0
20 0 csl-304107 0
20 0 csl-158578 0
20 0 csl-048917 0
20 0 csl-370616 0
20 0 csl-088740 0
20 0 csl-200140 0
20 0 csl-312724 0
20 0 csl-367170 0
20 0 csl-358154 0
20 0 csl-211198 0
20 0 csl-355457 0
20 0 csl-100457 0
20 0 csl-104786 0
20 0 csl-053160 0
20 0 csl-241917 0
20 0 csl-185699 0
20 0 csl-321772 0
20 0 csl-265613 0
20 0 csl-124252 0
20 0 csl-319272 0
20 0 csl-325936 0
20 0 csl-256162 0
20 0 csl-134865 0
20 0 csl-096015 0
20 0 csl-197597 0
20 0 csl-020084 0
20 0 csl-161388 0
20 0 csl-327948 0
20 0 csl-378673 0
20 0 csl-122470 0
20 0 csl-065056 0
20 0 csl-279337 0
20 0 csl-131734 0
20 0 csl-268828 0
20 0 csl-250476 0
20 0 csl-360502 0
20 0 csl-276729 0
20 0 csl-099586 0
20 0 csl-281005 0
20 0 csl-218151 0
20 0 csl-225998 0
20 0 csl-153708 0
20 0 csl-227189 0
20 0 csl-117297 0
20 0 csl-334669 0
20 0 csl-229064 0
20 0 csl-334148 0
20 0 csl-196936 0
20 0 csl-176758 0
20 0 csl-384985 0
20 0 csl-160524 0
20 0 csl-008622 0
20 0 csl-355167 0
20 0 csl-091535 0
20 0 csl-072302 0
20 0 csl-065102 0
20 0 csl-383823 0
20 0 csl-013927 0
20 0 csl-176906 0
20 0 csl-088261 0
20 0 csl-167538 0
20 0 csl-228270 0
20 0 csl-161323 0
20 0 csl-296011 0
20 0 csl-095997 0
20 0 csl-231597 0
20 0 csl-363435 0
20 0 csl-381996 0
20 0 csl-028246 0
20 0 csl-113039 0
20 0 csl-277402 0
20 0 csl-216242 0
20 0 csl-198672 0
20 0 csl-346090 0
20 0 csl-206239 0
20 0 csl-130602 0
20 0 csl-316001 0
20 0 csl-060448 0
20 0 csl-117797 0
20 0 csl-222766 0
20 0 csl-267715 0
20 0 csl-341719 0
20 0 csl-100305 0
20 0 csl-338099 0
20 0 csl-117692 0
20 0 csl-068070 0
20 0 csl-014233 0
20 0 csl-167992 0
20 0 csl-357248 0
20 0 csl-070515 0
20 0 csl-369695 3
20 0 csl-188539 0
20 0 csl-281352 0
20 0 csl-278745 0
20 0 csl-378264 0
20 0 csl-024070 0
20 0 csl-232663 0
20 0 csl-031526 0
20 0 csl-355118 0
20 0 csl-042489 0
20 0 csl-176562 0
20 0 csl-158029 0
20 0 csl-388876 0
20 0 csl-149334 0
20 0 csl-324578 3
20 0 csl-169948 0
20 0 csl-349820 0
20 0 csl-151544 0
20 0 csl-296779 0
20 0 csl-270848 0
20 0 csl-101996 0
20 0 csl-144775 0
20 0 csl-231153 0
20 0 csl-331069 0
20 0 csl-087416 0
20 0 csl-115272 0
20 0 csl-279134 0
20 0 csl-278957 0
20 0 csl-060013 0
20 0 csl-122342 0
20 0 csl-103927 0
20 0 csl-366589 0
20 0 csl-328085 0
20 0 csl-337906 0
20 0 csl-040439 0
20 0 csl-241392 0
20 0 csl-086925 0
20 0 csl-042710 0
20 0 csl-252985 0
20 0 csl-127382 0
20 0 csl-359022 0
20 0 csl-119557 0
20 0 csl-059042 0
20 0 csl-048790 0
20 0 csl-094533 0
20 0 csl-022625 0
20 0 csl-004094 0
20 0 csl-283868 0
20 0 csl-237772 0
20 0 csl-030642 0
20 0 csl-013111 0
20 0 csl-119940 0
20 0 csl-109221 0
20 0 csl-391862 0
20 0 csl-233964 0
20 0 csl-014619 0
20 0 csl-130038 0
20 0 csl-362114 0
20 0 csl-133393 0
20 0 csl-075866 0
20 0 csl-272676 0
20 0 csl-202856 0
20 0 csl-241214 0
20 0 csl-379635 0
20 0 csl-102456 0
20 0 csl-183002 0
20 0 csl-193140 0
20 0 csl-050945 0
20 0 csl-085171 0
20 0 csl-082418 0
20 0 csl-037792 0
20 0 csl-129588 0
20 0 csl-294956 0
20 0 csl-184377 0
20 0 csl-105938 0
20 0 csl-038206 0
20 0 csl-018492 0
20 0 csl-120937 0
20 0 csl-357153 0
20 0 csl-112095 0
20 0 csl-001886 0
20 0 csl-213698 0
20 0 csl-329855 3
20 0 csl-135458 0
20 0 csl-116239 0
20 0 csl-104598 0
20 0 csl-238397 0
20 0 csl-339641 0
20 0 csl-340021 0
20 0 csl-040918 0
20 0 csl-061926 0
20 0 csl-071824 0
20 0 csl-191631 0
20 0 csl-332621 0
20 0 csl-244498 0
20 0 csl-056001 0
20 0 csl-220961 0
20 0 csl-065633 0
20 0 csl-177404 0
20 0 csl-129729 0
20 0 csl-349214 0
20 0 csl-155761 0
20 0 csl-162249 0
20 0 csl-104127 0
20 0 csl-297506 0
21 0 csl-332872 0
21 0 csl-274181 0
21 0 csl-329891 0
21 0 csl-190230 0
21 0 csl-250407 0
21 0 csl-045683 0
21 0 csl-383371 0
21 0 csl-333709 0
21 0 csl-296296 0
21 0 csl-076377 0
21 0 csl-324128 0
21 0 csl-246729 0
21 0 csl-088634 0
21 0 csl-274260 0
21 0 csl-122481 0
21 0 csl-104091 0
21 0 csl-394627 0
21 0 csl-012674 0
21 0 csl-084859 0
21 0 csl-392765 0
21 0 csl-300397 0
21 0 csl-261553 0
21 0 csl-115658 0
21 0 csl-371368 0
21 0 csl-319556 0
21 0 csl-188386 0
21 0 csl-048572 0
21 0 csl-159862 0
21 0 csl-254048 0
21 0 csl-281267 0
21 0 csl-030072 0
21 0 csl-333663 0
21 0 csl-317193 0
21 0 csl-333178 0
21 0 csl-323085 0
21 0 csl-113777 0
21 0 csl-078718 0
21 0 csl-358305 0
21 0 csl-234924 0
21 0 csl-244959 0
21 0 csl-074614 0
21 0 csl-186108 0
21 0 csl-385582 0
21 0 csl-208348 0
21 0 csl-014198 0
21 0 csl-205478 0
21 0 csl-195804 0
21 0 csl-040848 0
21 0 csl-112898 0
21 0 csl-059918 0
21 0 csl-050754 3
21 0 csl-095971 0
21 0 csl-091720 0
21 0 csl-119994 0
21 0 csl-361537 0
21 0 csl-355105 0
21 0 csl-387917 0
21 0 csl-353907 0
21 0 csl-271008 0
21 0 csl-081697 0
21 0 csl-318009 0
21 0 csl-327538 0
21 0 csl-169422 0
21 0 csl-285459 0
21 0 csl-011745 0
21 0 csl-246743 0
21 0 csl-382440 0
21 0 csl-288818 0
21 0 csl-037189 0
21 0 csl-114109 0
21 0 csl-304201 0
21 0 csl-218945 0
21 0 csl-094697 0
21 0 csl-282045 0
21 0 csl-330598 0
21 0 csl-047568 0
21 0 csl-261946 0
21 0 csl-314823 0
21 0 csl-144142 0
21 0 csl-312491 0
21 0 csl-333978 0
21 0 csl-233641 0
21 0 csl-084471 0
21 0 csl-249248 0
21 0 csl-286609 0
21 0 csl-383955 0
21 0 csl-348436 0
21 0 csl-370079 0
21 0 csl-208048 0
21 0 csl-087446 0
21 0 csl-131714 0
21 0 csl-226990 0
21 0 csl-094999 0
21 0 csl-040335 0
21 0 csl-267041 0
21 0 csl-332830 0
21 0 csl-078005 0
21 0 csl-239518 0
21 0 csl-388430 0
21 0 csl-314397 0
21 0 csl-038667 0
21 0 csl-193162 0
21 0 csl-167580 0
21 0 csl-297694 0
21 0 csl-055872 0
21 0 csl-200497 0
21 0 csl-378627 0
21 0 csl-117870 0
21 0 csl-311226 0
21 0 csl-357669 0
21 0 csl-019938 0
21 0 csl-090786 0
21 0 csl-362191 0
21 0 csl-187273 0
21 0 csl-342266 0
21 0 csl-040857 0
21 0 csl-164787 0
21 0 csl-186268 0
21 0 csl-023711 0
21 0 csl-329530 0
21 0 csl-269532 0
21 0 csl-108252 0
21 0 csl-259698 0
21 0 csl-178116 0
21 0 csl-293155 0
21 0 csl-232279 0
21 0 csl-356455 0
21 0 csl-320991 0
21 0 csl-150329 0
21 0 csl-164819 0
21 0 csl-319972 0
21 0 csl-149167 0
21 0 csl-267122 0
21 0 csl-144471 0
21 0 csl-073195 0
21 0 csl-339240 0
21 0 csl-021072 0
21 0 csl-035496 0
21 0 csl-247719 0
21 0 csl-102810 0
21 0 csl-354517 0
21 0 csl-215006 0
21 0 csl-376212 0
21 0 csl-330590 0
21 0 csl-248093 0
21 0 csl-091430 0
21 0 csl-152014 0
21 0 csl-234409 0
21 0 csl-278185 0
21 0 csl-247908 0
21 0 csl-361462 0
21 0 csl-255174 0
21 0 csl-230039 0
21 0 csl-276562 0
21 0 csl-032690 0
21 0 csl-068652 0
21 0 csl-146421 0
21 0 csl-178335 0
21 0 csl-166945 0
21 0 csl-338530 0
21 0 csl-380244 0
21 0 csl-236179 0
21 0 csl-117791 0
21 0 csl-203703 0
21 0 csl-326926 0
21 0 csl-331075 0
21 0 csl-086313 0
21 0 csl-152690 0
21 0 csl-013634 1
21 0 csl-174180 0
21 0 csl-216888 0
21 0 csl-356461 0
21 0 csl-227686 0
21 0 csl-162097 0
21 0 csl-104923 0
21 0 csl-139333 0
21 0 csl-378894 0
21 0 csl-190954 0
21 0 csl-069577 0
21 0 csl-062611 0
21 0 csl-032335 0
21 0 csl-016196 0
21 0 csl-209102 0
21 0 csl-211985 3
21 0 csl-369940 0
21 0 csl-051105 0
21 0 csl-143870 0
21 0 csl-217476 0
21 0 csl-022053 0
21 0 csl-070576 0
21 0 csl-324756 0
21 0 csl-002873 0
21 0 csl-363258 0
21 0 csl-039900 0
21 0 csl-202421 0
21 0 csl-301883 0
21 0 csl-092521 0
21 0 csl-287624 0
21 0 csl-072653 0
21 0 csl-309720 0
21 0 csl-136801 0
21 0 csl-384554 0
21 0 csl-310285 0
21 0 csl-065914 0
21 0 csl-093007 0
21 0 csl-316938 0
21 0 csl-211202 0
21 0 csl-291331 0
21 0 csl-192398 0
21 0 csl-138834 0
21 0 csl-142035 0
21 0 csl-361144 0
21 0 csl-100676 0
21 0 csl-245123 0
21 0 csl-106283 1
21 0 csl-142722 0
21 0 csl-330609 0
21 0 csl-355377 0
21 0 csl-070531 0
21 0 csl-386696 0
21 0 csl-172250 0
21 0 csl-113220 0
21 0 csl-282317 0
21 0 csl-355339 0
21 0 csl-098854 0
21 0 csl-101642 0
21 0 csl-197526 0
21 0 csl-205702 0
21 0 csl-220411 0
21 0 csl-025614 0
21 0 csl-066920 0
21 0 csl-257975 0
21 0 csl-145328 0
21 0 csl-268691 0
21 0 csl-334138 0
21 0 csl-011809 0
21 0 csl-106725 0
21 0 csl-058559 0
21 0 csl-372547 0
21 0 csl-155562 0
21 0 csl-180239 0
21 0 csl-240479 0
21 0 csl-243737 0
21 0 csl-308074 0
21 0 csl-203073 0
21 0 csl-265855 0
21 0 csl-204942 0
21 0 csl-214376 0
21 0 csl-334935 0
21 0 csl-192652 0
21 0 csl-312002 0
21 0 csl-382367 0
21 0 csl-020835 0
21 0 csl-174025 0
21 0 csl-069455 0
21 0 csl-229704 0
21 0 csl-329599 0
21 0 csl-041924 0
21 0 csl-226071 0
21 0 csl-009385 0
21 0 csl-033618 0
21 0 csl-015736 0
21 0 csl-359735 0
21 0 csl-231032 0
21 0 csl-276780 0
21 0 csl-242047 3
21 0 csl-222451 0
21 0 csl-111511 0
21 0 csl-283285 0
21 0 csl-023758 0
21 0 csl-198251 0
21 0 csl-014302 0
21 0 csl-039808 0
21 0 csl-218220 0
21 0 csl-095251 0
21 0 csl-130694 0
21 0 csl-302590 0
21 0 csl-192980 0
21 0 csl-059345 0
21 0 csl-172137 0
21 0 csl-205340 0
21 0 csl-387831 0
21 0 csl-050952 0
21 0 csl-019578 0
21 0 csl-344179 0
21 0 csl-232162 0
21 0 csl-058740 0
21 0 csl-341731 0
21 0 csl-302848 0
21 0 csl-249223 0
21 0 csl-353538 0
21 0 csl-336253 0
21 0 csl-262380 0
21 0 csl-294338 0
21 0 csl-338120 0
21 0 csl-246072 0
21 0 csl-391759 0
21 0 csl-364277 0
21 0 csl-075750 0
21 0 csl-208323 0
21 0 csl-110881 0
21 0 csl-079751 0
21 0 csl-213532 0
21 0 csl-020332 0
21 0 csl-049604 0
21 0 csl-192016 0
21 0 csl-120824 0
21 0 csl-261461 0
21 0 csl-116725 0
21 0 csl-185018 0
21 0 csl-060546 0
21 0 csl-319308 0
21 0 csl-020811 0
21 0 csl-275733 0
21 0 csl-091062 0
21 0 csl-162322 0
21 0 csl-226697 0
21 0 csl-377463 0
21 0 csl-166183 0
21 0 csl-258992 0
22 0 csl-276056 0
22 0 csl-129316 0
22 0 csl-105066 0
22 0 csl-372823 0
22 0 csl-265386 0
22 0 csl-118683 0
22 0 csl-163689 0
22 0 csl-171808 0
22 0 csl-163475 0
22 0 csl-366035 0
22 0 csl-316955 0
22 0 csl-128219 0
22 0 csl-309643 0
22 0 csl-295880 0
22 0 csl-355542 0
22 0 csl-166936 3
22 0 csl-061651 0
22 0 csl-273090 0
22 0 csl-192115 3
22 0 csl-258453 0
22 0 csl-030524 0
22 0 csl-096215 0
22 0 csl-240519 0
22 0 csl-019117 0
22 0 csl-190023 0
22 0 csl-297807 0
22 0 csl-327450 0
22 0 csl-191980 3
22 0 csl-390253 0
22 0 csl-138838 0
22 0 csl-016725 0
22 0 csl-063009 0
22 0 csl-024028 0
22 0 csl-062678 0
22 0 csl-356517 0
22 0 csl-322570 3
22 0 csl-130750 0
22 0 csl-246654 0
22 0 csl-008407 0
22 0 csl-245820 0
22 0 csl-257326 0
22 0 csl-039012 0
22 0 csl-029222 0
22 0 csl-023477 0
22 0 csl-383644 0
22 0 csl-172234 0
22 0 csl-202900 0
22 0 csl-335978 0
22 0 csl-286117 0
22 0 csl-028460 0
22 0 csl-129294 3
22 0 csl-067723 0
22 0 csl-343945 0
22 0 csl-196096 3
22 0 csl-339679 0
22 0 csl-162832 0
22 0 csl-218519 0
22 0 csl-269103 0
22 0 csl-195332 0
22 0 csl-123121 0
22 0 csl-141092 0
22 0 csl-196423 0
22 0 csl-155856 0
22 0 csl-327988 0
22 0 csl-026784 0
22 0 csl-082634 0
22 0 csl-239726 0
22 0 csl-112224 0
22 0 csl-348536 0
22 0 csl-167122 3
22 0 csl-066829 0
22 0 csl-097601 0
22 0 csl-088710 0
22 0 csl-382928 0
22 0 csl-322548 0
22 0 csl-395924 0
22 0 csl-087213 0
22 0 csl-387881 0
22 0 csl-223973 0
22 0 csl-124221 0
22 0 csl-147915 0
22 0 csl-309185 0
22 0 csl-147409 0
22 0 csl-216844 0
22 0 csl-383427 0
22 0 csl-065186 3
22 0 csl-338551 0
22 0 csl-380372 0
22 0 csl-085715 0
22 0 csl-286088 0
22 0 csl-044337 0
22 0 csl-271024 0
22 0 csl-013804 0
22 0 csl-048830 0
22 0 csl-177737 0
22 0 csl-268822 0
22 0 csl-210593 0
22 0 csl-047150 0
22 0 csl-189459 0
22 0 csl-134799 0
22 0 csl-277582 0
22 0 csl-077586 0
22 0 csl-282594 0
22 0 csl-177587 0
22 0 csl-041016 0
22 0 csl-312529 0
22 0 csl-381523 0
22 0 csl-256653 0
22 0 csl-378918 0
22 0 csl-050588 0
22 0 csl-293307 0
22 0 csl-026910 0
22 0 csl-254329 0
22 0 csl-223201 0
22 0 csl-113362 0
22 0 csl-169031 3
22 0 csl-272345 0
22 0 csl-082776 0
22 0 csl-366216 0
22 0 csl-276349 0
22 0 csl-209802 0
22 0 csl-349920 0
22 0 csl-242316 0
22 0 csl-001211 0
22 0 csl-375829 0
22 0 csl-198200 0
22 0 csl-331360 0
22 0 csl-014104 0
22 0 csl-246902 0
22 0 csl-123587 0
22 0 csl-032935 0
22 0 csl-047855 0
22 0 csl-218769 0
22 0 csl-098393 0
22 0 csl-270444 0
22 0 csl-366102 0
22 0 csl-148307 0
22 0 csl-010082 0
22 0 csl-045420 0
22 0 csl-143826 0
22 0 csl-212693 0
22 0 csl-263002 0
22 0 csl-058627 0
22 0 csl-102946 0
22 0 csl-294702 0
22 0 csl-263582 0
22 0 csl-005110 0
22 0 csl-005628 0
22 0 csl-365611 0
22 0 csl-134716 0
22 0 csl-114943 3
22 0 csl-284542 0
22 0 csl-206876 0
22 0 csl-102472 0
22 0 csl-295386 0
22 0 csl-224330 0
22 0 csl-025210 0
22 0 csl-322139 0
22 0 csl-006830 0
22 0 csl-248825 0
22 0 csl-073274 0
22 0 csl-033608 0
22 0 csl-233108 0
22 0 csl-257235 0
22 0 csl-228388 0
22 0 csl-380399 0
22 0 csl-192333 0
22 0 csl-381938 0
22 0 csl-170352 0
22 0 csl-119761 0
22 0 csl-087187 0
22 0 csl-210651 0
22 0 csl-317613 0
22 0 csl-263372 0
22 0 csl-022589 0
22 0 csl-366579 0
22 0 csl-143415 0
22 0 csl-143689 0
22 0 csl-335329 0
22 0 csl-346496 0
22 0 csl-385217 0
22 0 csl-106982 0
22 0 csl-292928 0
22 0 csl-266331 0
22 0 csl-084876 0
22 0 csl-322103 0
22 0 csl-231607 0
22 0 csl-104964 0
22 0 csl-349630 0
23 0 csl-267001 0
23 0 csl-022136 0
23 0 csl-353851 3
23 0 csl-219752 1
23 0 csl-228714 1
23 0 csl-136475 3
23 0 csl-038951 1
23 0 csl-117393 0
23 0 csl-243755 0
23 0 csl-193297 0
23 0 csl-359254 1
23 0 csl-205478 0
23 0 csl-335246 1
23 0 csl-072294 0
23 0 csl-184449 0
23 0 csl-153069 0
23 0 csl-156057 0
23 0 csl-230093 0
23 0 csl-033026 0
23 0 csl-324826 1
23 0 csl-145587 0
23 0 csl-228326 1
23 0 csl-255046 0
23 0 csl-092201 0
23 0 csl-219812 0
23 0 csl-104042 0
23 0 csl-132343 0
23 0 csl-225147 0
23 0 csl-110771 1
23 0 csl-089276 0
23 0 csl-322165 0
23 0 csl-003688 0
23 0 csl-271233 0
23 0 csl-328958 0
23 0 csl-180928 0
23 0 csl-347615 0
23 0 csl-187240 0
23 0 csl-066711 0
23 0 csl-363211 0
23 0 csl-237798 0
23 0 csl-025782 0
23 0 csl-202272 0
23 0 csl-148110 0
23 0 csl-266253 0
23 0 csl-322902 0
23 0 csl-262710 0
23 0 csl-106781 0
23 0 csl-387259 0
23 0 csl-017180 0
23 0 csl-156250 1
23 0 csl-297776 1
23 0 csl-074241 0
23 0 csl-324725 1
23 0 csl-295237 0
23 0 csl-092021 0
23 0 csl-091943 0
23 0 csl-249687 0
23 0 csl-019855 0
23 0 csl-230406 0
23 0 csl-032651 0
23 0 csl-310227 3
23 0 csl-050220 0
23 0 csl-022084 0
23 0 csl-349183 0
23 0 csl-383506 0
23 0 csl-067066 0
23 0 csl-285642 0
23 0 csl-278074 0
23 0 csl-360600 0
23 0 csl-246707 0
23 0 csl-013456 0
23 0 csl-117046 0
23 0 csl-280877 0
23 0 csl-091191 0
23 0 csl-201171 0
23 0 csl-150024 0
23 0 csl-250145 1
23 0 csl-330474 0
23 0 csl-203923 0
23 0 csl-151596 0
23 0 csl-050933 0
23 0 csl-336759 0
23 0 csl-242516 0
23 0 csl-036487 0
23 0 csl-191033 0
23 0 csl-194517 0
23 0 csl-089942 0
23 0 csl-315451 0
23 0 csl-231473 0
23 0 csl-301427 0
23 0 csl-354856 0
23 0 csl-259436 0
23 0 csl-144322 0
23 0 csl-080469 0
23 0 csl-243901 0
23 0 csl-358662 0
23 0 csl-368968 0
23 0 csl-092939 0
23 0 csl-170462 0
23 0 csl-180603 0
23 0 csl-255636 1
23 0 csl-314471 1
23 0 csl-298388 0
23 0 csl-031207 0
23 0 csl-058791 0
23 0 csl-083952 0
23 0 csl-385582 0
23 0 csl-252188 0
23 0 csl-087447 0
23 0 csl-265312 0
23 0 csl-010918 0
23 0 csl-229273 0
23 0 csl-389911 0
23 0 csl-049534 0
23 0 csl-314935 1
23 0 csl-123934 0
23 0 csl-083812 1
23 0 csl-164610 0
23 0 csl-208179 0
23 0 csl-358145 0
23 0 csl-017834 1
23 0 csl-063992 1
23 0 csl-129264 0
23 0 csl-048616 0
23 0 csl-314867 0
23 0 csl-372664 0
23 0 csl-149389 0
23 0 csl-127311 0
23 0 csl-291549 0
23 0 csl-204561 1
23 0 csl-260356 0
23 0 csl-284760 0
23 0 csl-358065 0
23 0 csl-309490 0
23 0 csl-077638 0
23 0 csl-199539 0
23 0 csl-230378 1
23 0 csl-380963 0
23 0 csl-218570 0
23 0 csl-036351 0
23 0 csl-352723 0
23 0 csl-058679 1
23 0 csl-140077 0
23 0 csl-275875 0
23 0 csl-146532 0
23 0 csl-046343 0
23 0 csl-010771 0
23 0 csl-260138 0
23 0 csl-113913 0
23 0 csl-218033 0
23 0 csl-262357 0
23 0 csl-243898 0
23 0 csl-215315 0
23 0 csl-230022 0
23 0 csl-176820 0
23 0 csl-050705 1
23 0 csl-327259 0
23 0 csl-344803 0
23 0 csl-139124 0
23 0 csl-171398 0
23 0 csl-051090 0
23 0 csl-149638 0
23 0 csl-135193 0
23 0 csl-355424 0
23 0 csl-269703 0
23 0 csl-135046 0
23 0 csl-118357 0
23 0 csl-196395 0
23 0 csl-356773 0
23 0 csl-352083 0
23 0 csl-114203 0
23 0 csl-320594 0
23 0 csl-188511 1
23 0 csl-093798 0
23 0 csl-094314 0
23 0 csl-177114 0
23 0 csl-379697 0
23 0 csl-168351 0
23 0 csl-124879 0
23 0 csl-285596 0
23 0 csl-093007 0
23 0 csl-066866 0
23 0 csl-075750 1
23 0 csl-278458 0
23 0 csl-168139 0
23 0 csl-016684 0
23 0 csl-216888 0
23 0 csl-117872 0
23 0 csl-310809 0
23 0 csl-229160 0
23 0 csl-337369 0
23 0 csl-197767 1
23 0 csl-213424 0
23 0 csl-072368 0
23 0 csl-380366 1
23 0 csl-280940 0
23 0 csl-295661 0
23 0 csl-219166 0
23 0 csl-337358 0
23 0 csl-104313 0
23 0 csl-134887 0
23 0 csl-241951 0
23 0 csl-296402 0
23 0 csl-382013 0
23 0 csl-282009 1
23 0 csl-070093 0
23 0 csl-019619 0
23 0 csl-393220 0
23 0 csl-395978 1
23 0 csl-203073 0
23 0 csl-216149 0
23 0 csl-017313 0
23 0 csl-031282 0
23 0 csl-204682 1
23 0 csl-142307 0
23 0 csl-050406 0
23 0 csl-118957 0
23 0 csl-270290 0
23 0 csl-254048 0
23 0 csl-156316 0
23 0 csl-331053 0
23 0 csl-253640 0
23 0 csl-102935 0
23 0 csl-374119 0
23 0 csl-277396 0
23 0 csl-128365 0
23 0 csl-253419 0
23 0 csl-367819 0
23 0 csl-219318 1
23 0 csl-216599 0
23 0 csl-352237 0
23 0 csl-213645 0
23 0 csl-258247 1
23 0 csl-140380 1
23 0 csl-279903 0
23 0 csl-066375 0
23 0 csl-320057 0
23 0 csl-168398 0
23 0 csl-273871 0
23 0 csl-206557 0
23 0 csl-394622 0
23 0 csl-063605 0
23 0 csl-064569 0
23 0 csl-250106 0
23 0 csl-171896 0
23 0 csl-086070 0
24 0 csl-001854 0
24 0 csl-357394 0
24 0 csl-101504 0
24 0 csl-129119 0
24 0 csl-297225 1
24 0 csl-202490 1
24 0 csl-128813 0
24 0 csl-079527 1
24 0 csl-016905 1
24 0 csl-036781 0
24 0 csl-312882 1
24 0 csl-085269 0
24 0 csl-342151 0
24 0 csl-278061 0
24 0 csl-270047 0
24 0 csl-284320 0
24 0 csl-120990 0
24 0 csl-142460 0
24 0 csl-000368 1
24 0 csl-076888 0
24 0 csl-303061 1
24 0 csl-257890 1
24 0 csl-339773 0
24 0 csl-097659 0
24 0 csl-165381 0
24 0 csl-189788 1
24 0 csl-355667 0
24 0 csl-116857 0
24 0 csl-248129 1
24 0 csl-345958 0
24 0 csl-235370 1
24 0 csl-174266 0
24 0 csl-041926 3
24 0 csl-339040 0
24 0 csl-120488 0
24 0 csl-157420 0
24 0 csl-103209 0
24 0 csl-109136 0
24 0 csl-157944 0
24 0 csl-232405 0
24 0 csl-375568 0
24 0 csl-386407 1
24 0 csl-348516 1
24 0 csl-373530 0
24 0 csl-263069 0
24 0 csl-143238 0
24 0 csl-045387 0
24 0 csl-240405 0
24 0 csl-331614 0
24 0 csl-122575 1
24 0 csl-371138 1
24 0 csl-288690 0
24 0 csl-244960 0
24 0 csl-363355 0
24 0 csl-262116 0
24 0 csl-275172 0
24 0 csl-385751 1
24 0 csl-319481 1
24 0 csl-337917 1
24 0 csl-139035 0
24 0 csl-249139 0
24 0 csl-014896 0
24 0 csl-283916 0
24 0 csl-183245 0
24 0 csl-087931 0
24 0 csl-133234 0
24 0 csl-332279 1
24 0 csl-359283 0
24 0 csl-125588 1
24 0 csl-060681 0
24 0 csl-258970 0
24 0 csl-366389 0
24 0 csl-373617 1
24 0 csl-222047 0
24 0 csl-062405 1
24 0 csl-098696 0
24 0 csl-124486 0
24 0 csl-099912 0
24 0 csl-350554 0
24 0 csl-112752 0
24 0 csl-340703 0
24 0 csl-204205 0
24 0 csl-252427 0
24 0 csl-311379 0
24 0 csl-323837 0
24 0 csl-365716 0
24 0 csl-184166 0
24 0 csl-167257 0
24 0 csl-163431 0
24 0 csl-079172 0
24 0 csl-105034 0
24 0 csl-280108 0
24 0 csl-089538 0
24 0 csl-215022 0
24 0 csl-302307 1
24 0 csl-246677 0
24 0 csl-015269 0
24 0 csl-384767 0
24 0 csl-009547 0
24 0 csl-006655 0
24 0 csl-171802 1
24 0 csl-294973 0
24 0 csl-286910 1
24 0 csl-199807 0
24 0 csl-328410 0
24 0 csl-227219 0
24 0 csl-165006 0
24 0 csl-374950 0
24 0 csl-022667 0
24 0 csl-324762 0
24 0 csl-069150 0
24 0 csl-056890 0
24 0 csl-251624 0
24 0 csl-054493 0
24 0 csl-057265 0
24 0 csl-352268 0
24 0 csl-094107 0
24 0 csl-062991 1
24 0 csl-364924 0
24 0 csl-004211 0
24 0 csl-007027 0
24 0 csl-145954 0
24 0 csl-111118 0
24 0 csl-217754 0
24 0 csl-206332 0
24 0 csl-122911 0
24 0 csl-319676 0
24 0 csl-044679 0
24 0 csl-097279 0
24 0 csl-068964 0
24 0 csl-285407 0
24 0 csl-296817 0
24 0 csl-036346 0
24 0 csl-361973 0
24 0 csl-220155 0
24 0 csl-198056 0
24 0 csl-014458 0
24 0 csl-164998 0
24 0 csl-257664 0
24 0 csl-368247 1
24 0 csl-079400 0
24 0 csl-310159 0
24 0 csl-193920 0
24 0 csl-394157 0
24 0 csl-190035 0
24 0 csl-378134 1
24 0 csl-388414 0
24 0 csl-212689 0
24 0 csl-240633 1
24 0 csl-326818 0
24 0 csl-321535 0
24 0 csl-213184 0
24 0 csl-074804 0
24 0 csl-140645 0
24 0 csl-108992 0
24 0 csl-202932 0
24 0 csl-017008 1
24 0 csl-342515 0
24 0 csl-306959 0
24 0 csl-263138 0
24 0 csl-346032 0
24 0 csl-165739 0
24 0 csl-279257 0
24 0 csl-366528 0
24 0 csl-062063 0
24 0 csl-044164 1
24 0 csl-182389 0
24 0 csl-243625 0
24 0 csl-323531 1
24 0 csl-257169 0
24 0 csl-231107 0
24 0 csl-391416 0
24 0 csl-188794 0
24 0 csl-354744 0
24 0 csl-374511 0
24 0 csl-126353 1
24 0 csl-096782 0
24 0 csl-057486 0
24 0 csl-125624 0
24 0 csl-092492 0
24 0 csl-130200 0
24 0 csl-026826 0
24 0 csl-378055 0
24 0 csl-139080 0
24 0 csl-020066 0
24 0 csl-257029 0
24 0 csl-364682 0
24 0 csl-152394 0
24 0 csl-354118 0
24 0 csl-125832 0
24 0 csl-275138 0
24 0 csl-268135 0
24 0 csl-092554 0
24 0 csl-277901 0
24 0 csl-120978 0
24 0 csl-359827 0
24 0 csl-365291 0
24 0 csl-121667 0
24 0 csl-015788 0
24 0 csl-002764 0
24 0 csl-076970 0
24 0 csl-322279 0
24 0 csl-324372 0
24 0 csl-246651 0
24 0 csl-078372 0
24 0 csl-022422 0
24 0 csl-248486 0
24 0 csl-006230 0
24 0 csl-194077 0
24 0 csl-284471 1
24 0 csl-192920 1
24 0 csl-137799 1
24 0 csl-151269 0
24 0 csl-066226 0
24 0 csl-236952 0
24 0 csl-119179 0
24 0 csl-319135 0
24 0 csl-167411 0
24 0 csl-195759 3
24 0 csl-360140 0
24 0 csl-388221 0
24 0 csl-325940 0
24 0 csl-272995 1
24 0 csl-312432 1
24 0 csl-126811 0
24 0 csl-103657 0
24 0 csl-326404 1
24 0 csl-326763 0
24 0 csl-103874 0
24 0 csl-091874 0
25 0 csl-341068 0
25 0 csl-059918 3
25 0 csl-060131 1
25 0 csl-264783 1
25 0 csl-073759 0
25 0 csl-086738 0
25 0 csl-309720 1
25 0 csl-321590 3
25 0 csl-302991 0
25 0 csl-251721 0
25 0 csl-317193 0
25 0 csl-067066 0
25 0 csl-323262 0
25 0 csl-376212 0
25 0 csl-144382 0
25 0 csl-168989 0
25 0 csl-217175 0
25 0 csl-259468 0
25 0 csl-140317 0
25 0 csl-280877 0
25 0 csl-216888 0
25 0 csl-326926 3
25 0 csl-260607 0
25 0 csl-037158 0
25 0 csl-222348 0
25 0 csl-030335 0
25 0 csl-383545 0
25 0 csl-278870 0
25 0 csl-227686 1
25 0 csl-128966 0
25 0 csl-308809 0
25 0 csl-289043 0
25 0 csl-394627 0
25 0 csl-233135 0
25 0 csl-190922 0
25 0 csl-102945 0
25 0 csl-181517 1
25 0 csl-128086 0
25 0 csl-201232 0
25 0 csl-234142 0
25 0 csl-191956 0
25 0 csl-196438 0
25 0 csl-073195 0
25 0 csl-162293 0
25 0 csl-069577 0
25 0 csl-118266 0
25 0 csl-306324 1
25 0 csl-087560 0
25 0 csl-210264 0
25 0 csl-333178 0
25 0 csl-351026 0
25 0 csl-093286 0
25 0 csl-387831 1
25 0 csl-005264 3
25 0 csl-035496 0
25 0 csl-183972 0
25 0 csl-076187 0
25 0 csl-275733 0
25 0 csl-063076 0
25 0 csl-079360 0
25 0 csl-024630 0
25 0 csl-038079 0
25 0 csl-322218 0
25 0 csl-145067 0
25 0 csl-388797 0
25 0 csl-007141 0
25 0 csl-070364 0
25 0 csl-279595 0
25 0 csl-031973 0
25 0 csl-063125 0
25 0 csl-103017 1
25 0 csl-129546 0
25 0 csl-350855 0
25 0 csl-366838 0
25 0 csl-032335 0
25 0 csl-101037 0
25 0 csl-114929 0
25 0 csl-322579 0
25 0 csl-302848 0
25 0 csl-148982 0
25 0 csl-312491 0
25 0 csl-287345 0
25 0 csl-038142 0
25 0 csl-174710 0
25 0 csl-031184 0
25 0 csl-106283 0
25 0 csl-118812 1
25 0 csl-282613 0
25 0 csl-006573 0
25 0 csl-302956 0
25 0 csl-255044 0
25 0 csl-138234 0
25 0 csl-387917 0
25 0 csl-287624 0
25 0 csl-186244 0
25 0 csl-202601 0
25 0 csl-097837 0
25 0 csl-230406 0
25 0 csl-250505 0
25 0 csl-377499 0
25 0 csl-106792 0
25 0 csl-262758 0
25 0 csl-246729 0
25 0 csl-153426 1
25 0 csl-098069 0
25 0 csl-375088 1
25 0 csl-364616 0
25 0 csl-342541 0
25 0 csl-184692 0
25 0 csl-043673 0
25 0 csl-302273 0
25 0 csl-179814 0
25 0 csl-297694 0
25 0 csl-326305 0
25 0 csl-220132 0
25 0 csl-309572 0
25 0 csl-369327 0
25 0 csl-329015 0
25 0 csl-112567 0
25 0 csl-074196 0
25 0 csl-224783 0
25 0 csl-289519 0
25 0 csl-067662 0
25 0 csl-186268 0
25 0 csl-129914 0
25 0 csl-345804 0
25 0 csl-355339 0
25 0 csl-011216 0
25 0 csl-044724 0
25 0 csl-390704 0
25 0 csl-357168 0
25 0 csl-029890 0
25 0 csl-358305 0
25 0 csl-028957 0
25 0 csl-286446 0
25 0 csl-120824 0
25 0 csl-299343 0
25 0 csl-027135 0
25 0 csl-282045 0
25 0 csl-194517 0
25 0 csl-049604 0
25 0 csl-197251 0
25 0 csl-247164 0
25 0 csl-145090 0
25 0 csl-316507 0
25 0 csl-178335 0
25 0 csl-200271 0
25 0 csl-362038 0
25 0 csl-149389 0
25 0 csl-249312 0
25 0 csl-375273 0
25 0 csl-369958 0
25 0 csl-219704 0
25 0 csl-239089 0
25 0 csl-015841 0
25 0 csl-211474 0
25 0 csl-051576 0
25 0 csl-168689 0
25 0 csl-072452 0
25 0 csl-215680 0
25 0 csl-015885 0
25 0 csl-238932 1
25 0 csl-038813 0
25 0 csl-384691 0
25 0 csl-110924 0
25 0 csl-377468 0
25 0 csl-123914 0
25 0 csl-082359 0
25 0 csl-115285 0
25 0 csl-241557 0
25 0 csl-198907 0
25 0 csl-347206 0
25 0 csl-144883 0
25 0 csl-130825 0
25 0 csl-083952 0
25 0 csl-037323 0
25 0 csl-345449 0
25 0 csl-291331 0
25 0 csl-329321 0
25 0 csl-146431 3
25 0 csl-393844 0
25 0 csl-266925 0
25 0 csl-374463 0
25 0 csl-138884 0
25 0 csl-160246 0
25 0 csl-019380 0
25 0 csl-130110 0
25 0 csl-301391 0
25 0 csl-336253 0
25 0 csl-060428 3
25 0 csl-261687 0
25 0 csl-131056 0
25 0 csl-116098 0
25 0 csl-083572 0
25 0 csl-256309 0
25 0 csl-314935 0
25 0 csl-138872 0
25 0 csl-347373 0
25 0 csl-173851 0
25 0 csl-078718 0
25 0 csl-230732 0
25 0 csl-361331 0
25 0 csl-145869 0
25 0 csl-363806 0
25 0 csl-031564 0
25 0 csl-018926 0
25 0 csl-170931 0
25 0 csl-054336 0
25 0 csl-366810 0
25 0 csl-231473 0
25 0 csl-371368 0
25 0 csl-021567 0
25 0 csl-092521 0
25 0 csl-358145 0
25 0 csl-199854 0
25 0 csl-332894 0
25 0 csl-073573 0
25 0 csl-038667 0
25 0 csl-113609 0
25 0 csl-224471 0
25 0 csl-050754 0
25 0 csl-240796 0
25 0 csl-342266 0
25 0 csl-142307 0
25 0 csl-096862 0
25 0 csl-062521 0
25 0 csl-232279 0
25 0 csl-130466 0
25 0 csl-278647 0
25 0 csl-321549 0
25 0 csl-060546 0
25 0 csl-261461 0
25 0 csl-226990 0
25 0 csl-290090 0
25 0 csl-263607 0
25 0 csl-090004 0
25 0 csl-188386 0
25 0 csl-281365 0
25 0 csl-311226 0
25 0 csl-199627 0
25 0 csl-148639 0
25 0 csl-311148 0
25 0 csl-143870 0
25 0 csl-303820 0
25 0 csl-296200 0
25 0 csl-342805 0
25 0 csl-256961 0
25 0 csl-303290 0
25 0 csl-254403 0
25 0 csl-157699 0
25 0 csl-363835 0
25 0 csl-040857 0
25 0 csl-082664 0
25 0 csl-042386 0
25 0 csl-188094 0
25 0 csl-136123 0
26 0 csl-282390 0
26 0 csl-302032 0
26 0 csl-298046 0
26 0 csl-067181 0
26 0 csl-063544 0
26 0 csl-372118 0
26 0 csl-336762 0
26 0 csl-099484 0
26 0 csl-186112 0
26 0 csl-222906 0
26 0 csl-089717 0
26 0 csl-242583 0
26 0 csl-175553 0
26 0 csl-271096 0
26 0 csl-314394 0
26 0 csl-186854 0
26 0 csl-392297 0
26 0 csl-254619 0
26 0 csl-211941 0
26 0 csl-299343 3
26 0 csl-201061 0
26 0 csl-180971 0
26 0 csl-261091 0
26 0 csl-092521 0
26 0 csl-261687 0
26 0 csl-096281 3
26 0 csl-329430 0
26 0 csl-197860 3
26 0 csl-276909 0
26 0 csl-119317 0
26 0 csl-370710 0
26 0 csl-324558 0
26 0 csl-242199 0
26 0 csl-388084 0
26 0 csl-214054 0
26 0 csl-280547 0
26 0 csl-304819 0
26 0 csl-146358 0
26 0 csl-091865 0
26 0 csl-280509 0
26 0 csl-284444 0
26 0 csl-044510 0
26 0 csl-150915 0
26 0 csl-345299 0
26 0 csl-183981 0
26 0 csl-064052 0
26 0 csl-363255 0
26 0 csl-356228 0
26 0 csl-097500 0
26 0 csl-082578 0
26 0 csl-070499 0
26 0 csl-322762 0
26 0 csl-361568 0
26 0 csl-226859 0
26 0 csl-293414 0
26 0 csl-299320 0
26 0 csl-006115 0
26 0 csl-057422 0
26 0 csl-034134 0
26 0 csl-342986 0
26 0 csl-256939 0
26 0 csl-148062 0
26 0 csl-030399 0
26 0 csl-297171 0
26 0 csl-132439 0
26 0 csl-375755 0
26 0 csl-232230 0
26 0 csl-137747 0
26 0 csl-066214 0
26 0 csl-064582 0
26 0 csl-367128 0
26 0 csl-233352 0
26 0 csl-105373 0
26 0 csl-116732 0
26 0 csl-001531 0
26 0 csl-210930 0
26 0 csl-066666 0
26 0 csl-295524 0
26 0 csl-017820 0
26 0 csl-178822 0
26 0 csl-187150 0
26 0 csl-214226 0
26 0 csl-098851 0
26 0 csl-379868 0
26 0 csl-238932 0
26 0 csl-328311 0
26 0 csl-339340 0
26 0 csl-052431 0
26 0 csl-029178 0
26 0 csl-033521 0
26 0 csl-133971 0
26 0 csl-259557 0
26 0 csl-376405 0
26 0 csl-081369 0
26 0 csl-315252 0
26 0 csl-015846 0
26 0 csl-373274 0
26 0 csl-117148 0
26 0 csl-365435 0
26 0 csl-000116 0
26 0 csl-232933 0
26 0 csl-009983 0
26 0 csl-049270 0
26 0 csl-174826 0
26 0 csl-188604 0
26 0 csl-343938 0
26 0 csl-017562 0
26 0 csl-368527 0
26 0 csl-182353 0
26 0 csl-022214 0
26 0 csl-277468 0
26 0 csl-195448 0
26 0 csl-129936 0
26 0 csl-005000 0
26 0 csl-070487 0
26 0 csl-216198 0
26 0 csl-378009 0
26 0 csl-105131 0
26 0 csl-320315 0
26 0 csl-006475 0
26 0 csl-207249 0
26 0 csl-075241 0
26 0 csl-311120 0
26 0 csl-338053 0
26 0 csl-086140 0
26 0 csl-289650 0
26 0 csl-261946 0
26 0 csl-336470 0
26 0 csl-217175 1
26 0 csl-378824 0
26 0 csl-348111 0
26 0 csl-329624 0
26 0 csl-107936 0
26 0 csl-021361 0
26 0 csl-098772 0
26 0 csl-236188 0
26 0 csl-350642 0
26 0 csl-126707 0
26 0 csl-262390 0
26 0 csl-178077 0
26 0 csl-162293 0
26 0 csl-009450 0
26 0 csl-034703 0
26 0 csl-131793 0
26 0 csl-151187 0
26 0 csl-322976 0
26 0 csl-215687 0
26 0 csl-031303 0
26 0 csl-153860 0
26 0 csl-115285 0
26 0 csl-170212 0
26 0 csl-345804 0
26 0 csl-026860 0
26 0 csl-304423 0
26 0 csl-026011 0
26 0 csl-070267 0
26 0 csl-070637 0
26 0 csl-033141 0
26 0 csl-007718 0
26 0 csl-221992 0
26 0 csl-244728 0
26 0 csl-156042 0
26 0 csl-140077 0
26 0 csl-138974 0
26 0 csl-165826 0
26 0 csl-239636 0
26 0 csl-072238 0
26 0 csl-115248 0
26 0 csl-209581 0
26 0 csl-381034 0
26 0 csl-296109 0
26 0 csl-142307 0
26 0 csl-060428 0
26 0 csl-346790 0
26 0 csl-215315 0
26 0 csl-361221 0
26 0 csl-166945 0
26 0 csl-316240 0
26 0 csl-144883 0
26 0 csl-220227 0
26 0 csl-038373 0
26 0 csl-003767 0
26 0 csl-103351 0
26 0 csl-059853 0
26 0 csl-146431 0
26 0 csl-330678 0
26 0 csl-038949 0
26 0 csl-273874 0
26 0 csl-234740 0
26 0 csl-014584 0
26 0 csl-148416 0
26 0 csl-296620 0
26 0 csl-048355 0
26 0 csl-316300 0
26 0 csl-355651 0
26 0 csl-123537 0
26 0 csl-188108 0
26 0 csl-361331 0
26 0 csl-242897 0
26 0 csl-254403 0
26 0 csl-096532 0
26 0 csl-122550 0
26 0 csl-027781 0
26 0 csl-292361 0
26 0 csl-098663 0
26 0 csl-353375 0
26 0 csl-310671 0
26 0 csl-020315 0
26 0 csl-247651 0
26 0 csl-369745 0
26 0 csl-354148 0
26 0 csl-090004 0
26 0 csl-102678 0
26 0 csl-321590 0
26 0 csl-041393 0
26 0 csl-330573 0
26 0 csl-362219 0
26 0 csl-387831 0
26 0 csl-068624 0
26 0 csl-112567 0
26 0 csl-015451 0
26 0 csl-386236 0
26 0 csl-173499 0
26 0 csl-191482 0
26 0 csl-293155 0
26 0 csl-231492 0
26 0 csl-106958 0
26 0 csl-065151 0
26 0 csl-386080 0
26 0 csl-262535 0
26 0 csl-136665 0
26 0 csl-172871 0
26 0 csl-108939 0
26 0 csl-194192 0
26 0 csl-150959 0
26 0 csl-179983 0
26 0 csl-193009 0
26 0 csl-141096 0
26 0 csl-365631 0
26 0 csl-226177 0
26 0 csl-172865 0
26 0 csl-022991 0
26 0 csl-318158 0
26 0 csl-038922 0
26 0 csl-040671 0
26 0 csl-184572 0
26 0 csl-046417 0
26 0 csl-033407 0
26 0 csl-147393 0
26 0 csl-222875 0
26 0 csl-375088 0
26 0 csl-045504 0
26 0 csl-388336 0
26 0 csl-166728 0
26 0 csl-059099 0
26 0 csl-215897 0
26 0 csl-347743 0
26 0 csl-006152 0
26 0 csl-131249 0
26 0 csl-372832 0
26 0 csl-390774 0
26 0 csl-221410 0
26 0 csl-327148 0
26 0 csl-309033 0
26 0 csl-111265 0
26 0 csl-274588 0
26 0 csl-226797 0
26 0 csl-102320 0
26 0 csl-291517 0
26 0 csl-033009 0
26 0 csl-067066 0
26 0 csl-149389 0
26 0 csl-231473 0
26 0 csl-335155 0
26 0 csl-356585 0
26 0 csl-168730 0
26 0 csl-083000 0
26 0 csl-032392 0
26 0 csl-075809 0
26 0 csl-362038 0
26 0 csl-227531 0
26 0 csl-124797 0
26 0 csl-206630 0
26 0 csl-084132 0
26 0 csl-082378 0
26 0 csl-146222 0
26 0 csl-070769 0
26 0 csl-308940 0
26 0 csl-322894 0
26 0 csl-258330 0
26 0 csl-241557 0
26 0 csl-265555 0
26 0 csl-022729 0
26 0 csl-330294 0
26 0 csl-295954 0
26 0 csl-390290 0
26 0 csl-176811 0
26 0 csl-174646 0
26 0 csl-210005 0
26 0 csl-066067 0
26 0 csl-145473 0
26 0 csl-120785 0
26 0 csl-011177 0
26 0 csl-325102 0
26 0 csl-101928 0
26 0 csl-298012 0
26 0 csl-112814 0
26 0 csl-373328 0
26 0 csl-140343 0
26 0 csl-326926 0
26 0 csl-062287 0
26 0 csl-237798 0
26 0 csl-180289 0
26 0 csl-065264 0
26 0 csl-233046 0
26 0 csl-273605 0
26 0 csl-128546 0
26 0 csl-315862 0
26 0 csl-161560 0
26 0 csl-224440 0
26 0 csl-052646 0
26 0 csl-392316 0
26 0 csl-251668 0
26 0 csl-060131 0
26 0 csl-216888 0
26 0 csl-154252 0
26 0 csl-204146 0
26 0 csl-202100 0
26 0 csl-247459 0
26 0 csl-361178 0
26 0 csl-032131 0
26 0 csl-303627 0
26 0 csl-142136 0
26 0 csl-320042 0
26 0 csl-387827 0
26 0 csl-375273 0
26 0 csl-018926 0
26 0 csl-286487 0
27 0 csl-113324 1
27 0 csl-226374 0
27 0 csl-362038 1
27 0 csl-248435 0
27 0 csl-204278 0
27 0 csl-018926 0
27 0 csl-263607 0
27 0 csl-262811 0
27 0 csl-140077 1
27 0 csl-162610 0
27 0 csl-345804 3
27 0 csl-007141 1
27 0 csl-188679 0
27 0 csl-246794 0
27 0 csl-033407 1
27 0 csl-386671 0
27 0 csl-380735 0
27 0 csl-250683 0
27 0 csl-331246 0
27 0 csl-066535 0
27 0 csl-383341 1
27 0 csl-091865 0
27 0 csl-270313 0
27 0 csl-200274 0
27 0 csl-190922 0
27 0 csl-273239 1
27 0 csl-023748 0
27 0 csl-230313 0
27 0 csl-148105 0
27 0 csl-318808 0
27 0 csl-184190 0
27 0 csl-038142 0
27 0 csl-390376 1
27 0 csl-361331 0
27 0 csl-013321 0
27 0 csl-358145 0
27 0 csl-302991 0
27 0 csl-162763 0
27 0 csl-342037 0
27 0 csl-211645 0
27 0 csl-069858 0
27 0 csl-310376 0
27 0 csl-337095 0
27 0 csl-112567 0
27 0 csl-127495 0
27 0 csl-183140 0
27 0 csl-227621 0
27 0 csl-180391 0
27 0 csl-363835 0
27 0 csl-329432 0
27 0 csl-181517 0
27 0 csl-015841 0
27 0 csl-186044 0
27 0 csl-299569 0
27 0 csl-026511 0
27 0 csl-393530 0
27 0 csl-165561 0
27 0 csl-222060 1
27 0 csl-338744 0
27 0 csl-294667 0
27 0 csl-328735 0
27 0 csl-269301 0
27 0 csl-279828 0
27 0 csl-127430 0
27 0 csl-027524 0
27 0 csl-152264 0
27 0 csl-070364 0
27 0 csl-064282 0
27 0 csl-091459 0
27 0 csl-144902 0
27 0 csl-049093 0
27 0 csl-199809 0
27 0 csl-013084 0
27 0 csl-195448 0
27 0 csl-231229 0
27 0 csl-214397 0
27 0 csl-080503 0
27 0 csl-195424 0
27 0 csl-266614 1
27 0 csl-189259 0
27 0 csl-061554 0
27 0 csl-123003 0
27 0 csl-373274 1
27 0 csl-296200 1
27 0 csl-043982 0
27 0 csl-325508 0
27 0 csl-200258 0
27 0 csl-113609 0
27 0 csl-131143 0
27 0 csl-264467 0
27 0 csl-268337 0
27 0 csl-313935 0
27 0 csl-112515 0
27 0 csl-244756 0
27 0 csl-094811 0
27 0 csl-366838 0
27 0 csl-186244 0
27 0 csl-133581 0
27 0 csl-209744 0
27 0 csl-185945 0
27 0 csl-270290 0
27 0 csl-093624 0
27 0 csl-315065 0
27 0 csl-095906 0
27 0 csl-322371 0
27 0 csl-220481 0
27 0 csl-261663 0
27 0 csl-048357 0
27 0 csl-064088 0
27 0 csl-216888 0
27 0 csl-321372 0
27 0 csl-288089 0
27 0 csl-112856 0
27 0 csl-364378 0
27 0 csl-337058 0
27 0 csl-266762 0
27 0 csl-365983 0
27 0 csl-025782 0
27 0 csl-390774 1
27 0 csl-282045 0
27 0 csl-391802 0
27 0 csl-080186 0
27 0 csl-203811 0
27 0 csl-394096 0
27 0 csl-335359 0
27 0 csl-111846 0
27 0 csl-234666 0
27 0 csl-217175 0
27 0 csl-103017 0
27 0 csl-393120 0
27 0 csl-283090 0
27 0 csl-048159 0
27 0 csl-362574 0
27 0 csl-056664 0
27 0 csl-381483 0
27 0 csl-013230 0
27 0 csl-011177 0
27 0 csl-034503 0
27 0 csl-261687 0
27 0 csl-253723 0
27 0 csl-315429 0
27 0 csl-315672 0
27 0 csl-040141 0
27 0 csl-374817 0
27 0 csl-089009 0
27 0 csl-312682 0
27 0 csl-013978 0
27 0 csl-364226 0
27 0 csl-311120 1
27 0 csl-082602 0
27 0 csl-217440 0
27 0 csl-128086 0
27 0 csl-060344 3
27 0 csl-273096 0
27 0 csl-237798 1
27 0 csl-023237 0
27 0 csl-068291 0
27 0 csl-303820 0
27 0 csl-152510 0
27 0 csl-114551 0
27 0 csl-112238 0
27 0 csl-153166 0
27 0 csl-163024 0
27 0 csl-177524 1
27 0 csl-311148 3
27 0 csl-322856 0
27 0 csl-026519 0
27 0 csl-290530 0
27 0 csl-390796 0
27 0 csl-136211 1
27 0 csl-025174 0
27 0 csl-000531 0
27 0 csl-393467 0
27 0 csl-127234 0
27 0 csl-365266 0
27 0 csl-287672 0
27 0 csl-360241 0
27 0 csl-061705 1
27 0 csl-031482 1
27 0 csl-206574 0
27 0 csl-340161 0
27 0 csl-301205 1
27 0 csl-245197 0
27 0 csl-254403 0
27 0 csl-129500 0
27 0 csl-391010 0
27 0 csl-072302 0
27 0 csl-005661 0
27 0 csl-231473 0
27 0 csl-369641 0
27 0 csl-155203 0
27 0 csl-308933 0
27 0 csl-205623 0
27 0 csl-020328 0
27 0 csl-211403 0
27 0 csl-099484 0
27 0 csl-380193 0
27 0 csl-299343 1
27 0 csl-060692 0
27 0 csl-151027 0
27 0 csl-119798 0
27 0 csl-332425 0
27 0 csl-294084 0
27 0 csl-226859 0
27 0 csl-237627 0
27 0 csl-302273 0
27 0 csl-108923 0
27 0 csl-129326 0
27 0 csl-321011 0
27 0 csl-188386 0
27 0 csl-042554 0
27 0 csl-203851 0
27 0 csl-299074 0
27 0 csl-359253 0
27 0 csl-037801 0
28 0 csl-197131 0
28 0 csl-163091 0
28 0 csl-124384 0
28 0 csl-247568 0
28 0 csl-046545 0
28 0 csl-070150 0
28 0 csl-000801 0
28 0 csl-241175 0
28 0 csl-004008 0
28 0 csl-237842 0
28 0 csl-134331 0
28 0 csl-394585 0
28 0 csl-388885 0
28 0 csl-237070 0
28 0 csl-361944 0
28 0 csl-352723 0
28 0 csl-376576 0
28 0 csl-110212 0
28 0 csl-063649 0
28 0 csl-212969 0
28 0 csl-041200 0
28 0 csl-111922 0
28 0 csl-175015 0
28 0 csl-267133 0
28 0 csl-068427 0
28 0 csl-078922 0
28 0 csl-317004 0
28 0 csl-145117 0
28 0 csl-134661 0
28 0 csl-024167 0
28 0 csl-290588 0
28 0 csl-025940 0
28 0 csl-074887 0
28 0 csl-068657 0
28 0 csl-026118 0
28 0 csl-174666 0
28 0 csl-251036 0
28 0 csl-212850 3
28 0 csl-132457 0
28 0 csl-231512 0
28 0 csl-319133 0
28 0 csl-228874 0
28 0 csl-273605 0
28 0 csl-102998 0
28 0 csl-199934 0
28 0 csl-192330 0
28 0 csl-333770 1
28 0 csl-230104 0
28 0 csl-387632 0
28 0 csl-178287 0
28 0 csl-388062 0
28 0 csl-376346 0
28 0 csl-172972 0
28 0 csl-223402 0
28 0 csl-106603 0
28 0 csl-220050 0
28 0 csl-295752 0
28 0 csl-338290 0
28 0 csl-131575 0
28 0 csl-014049 0
28 0 csl-069252 0
28 0 csl-337621 0
28 0 csl-270284 0
28 0 csl-388670 0
28 0 csl-291283 0
28 0 csl-292470 0
28 0 csl-268902 0
28 0 csl-244449 0
28 0 csl-250149 0
28 0 csl-151274 0
28 0 csl-238250 1
28 0 csl-122959 0
28 0 csl-313111 0
28 0 csl-298584 0
28 0 csl-058609 0
28 0 csl-222423 0
28 0 csl-211800 0
28 0 csl-253973 0
28 0 csl-245117 0
28 0 csl-281370 0
28 0 csl-203334 0
28 0 csl-103665 0
28 0 csl-378492 0
28 0 csl-387025 0
28 0 csl-379876 0
28 0 csl-366023 0
28 0 csl-062395 0
28 0 csl-233641 0
28 0 csl-342444 0
28 0 csl-238939 0
28 0 csl-154862 0
28 0 csl-182069 0
28 0 csl-060295 0
28 0 csl-310008 0
28 0 csl-139856 0
28 0 csl-307381 0
28 0 csl-312255 0
28 0 csl-108419 0
28 0 csl-041363 0
28 0 csl-156835 0
28 0 csl-252728 0
28 0 csl-182936 0
28 0 csl-198249 0
28 0 csl-021361 0
28 0 csl-175231 0
28 0 csl-356770 0
28 0 csl-169284 0
28 0 csl-271952 0
28 0 csl-057723 0
28 0 csl-049059 0
28 0 csl-209891 0
28 0 csl-226250 0
28 0 csl-055828 0
28 0 csl-085579 0
28 0 csl-177994 0
28 0 csl-267668 0
28 0 csl-318464 0
28 0 csl-357052 0
28 0 csl-318371 0
28 0 csl-077810 0
28 0 csl-247402 0
28 0 csl-111146 0
28 0 csl-261751 0
28 0 csl-036177 0
28 0 csl-191616 0
28 0 csl-042581 0
28 0 csl-303172 0
28 0 csl-110575 0
28 0 csl-225071 0
28 0 csl-312348 0
28 0 csl-053742 0
28 0 csl-329416 0
28 0 csl-343471 0
28 0 csl-072760 0
28 0 csl-369345 0
28 0 csl-005470 0
28 0 csl-236747 0
28 0 csl-217675 0
28 0 csl-026590 0
28 0 csl-185686 0
28 0 csl-330370 0
28 0 csl-187365 0
28 0 csl-126092 0
28 0 csl-255355 0
28 0 csl-055346 0
28 0 csl-284383 0
28 0 csl-180776 0
28 0 csl-106577 0
28 0 csl-339042 0
28 0 csl-280509 0
28 0 csl-352591 0
28 0 csl-373808 0
28 0 csl-352317 0
28 0 csl-361942 0
28 0 csl-330327 0
28 0 csl-052652 0
28 0 csl-138044 0
28 0 csl-158343 0
28 0 csl-269194 0
28 0 csl-096656 0
28 0 csl-102638 0
28 0 csl-211925 0
28 0 csl-091109 0
28 0 csl-156677 0
28 0 csl-071504 0
28 0 csl-008774 0
28 0 csl-104042 0
28 0 csl-346212 0
28 0 csl-203129 0
28 0 csl-319794 0
28 0 csl-199583 0
28 0 csl-136359 0
28 0 csl-292565 0
28 0 csl-203797 0
28 0 csl-088245 0
28 0 csl-147682 0
28 0 csl-317512 0
28 0 csl-075090 0
28 0 csl-314957 0
28 0 csl-284906 0
28 0 csl-168458 3
28 0 csl-244479 3
28 0 csl-045726 3
28 0 csl-335299 0
28 0 csl-147651 0
28 0 csl-352427 0
28 0 csl-226610 0
28 0 csl-314179 0
28 0 csl-008340 0
28 0 csl-151757 0
28 0 csl-076001 0
28 0 csl-200157 0
28 0 csl-372691 0
28 0 csl-116108 0
28 0 csl-328180 0
28 0 csl-254882 0
28 0 csl-231069 0
28 0 csl-210203 0
28 0 csl-125523 0
28 0 csl-379986 0
28 0 csl-176757 0
28 0 csl-177299 0
28 0 csl-048190 0
28 0 csl-028951 0
28 0 csl-115441 0
28 0 csl-144335 0
28 0 csl-061714 0
28 0 csl-358743 0
28 0 csl-336333 0
28 0 csl-001079 0
28 0 csl-376789 0
28 0 csl-282162 0
28 0 csl-025383 0
28 0 csl-305335 0
28 0 csl-082571 0
28 0 csl-293657 0
28 0 csl-392674 0
28 0 csl-328023 0
28 0 csl-040621 0
28 0 csl-345514 0
28 0 csl-209383 0
28 0 csl-196581 0
28 0 csl-254665 0
28 0 csl-167718 0
28 0 csl-392974 0
28 0 csl-319294 0
28 0 csl-196919 0
28 0 csl-335911 0
28 0 csl-029302 0
28 0 csl-048867 0
28 0 csl-106829 0
28 0 csl-170552 0
28 0 csl-266709 0
28 0 csl-097800 0
28 0 csl-187856 0
28 0 csl-082358 0
28 0 csl-124116 0
28 0 csl-301544 0
28 0 csl-373429 0
28 0 csl-211626 0
28 0 csl-014086 0
28 0 csl-094386 0
28 0 csl-382983 0
28 0 csl-193446 0
28 0 csl-343004 0
28 0 csl-184692 0
28 0 csl-369990 0
28 0 csl-380734 0
28 0 csl-113322 0
28 0 csl-188692 0
28 0 csl-235230 0
28 0 csl-046558 0
28 0 csl-022230 0
28 0 csl-025631 0
28 0 csl-112683 0
28 0 csl-396159 0
28 0 csl-081301 0
28 0 csl-204572 0
28 0 csl-238919 0
28 0 csl-352545 0
28 0 csl-057544 0
28 0 csl-023258 0
28 0 csl-364597 0
28 0 csl-198461 3
28 0 csl-286978 0
28 0 csl-254340 0
28 0 csl-193820 0
28 0 csl-269505 0
28 0 csl-273035 0
28 0 csl-199887 3
28 0 csl-119126 0
28 0 csl-136080 0
28 0 csl-319496 0
28 0 csl-340133 0
28 0 csl-232773 0
28 0 csl-274809 0
28 0 csl-246336 0
28 0 csl-265374 0
28 0 csl-330678 0
28 0 csl-347895 0
28 0 csl-355274 0
28 0 csl-154421 0
28 0 csl-257267 0
28 0 csl-386080 0
28 0 csl-052870 0
28 0 csl-301884 0
28 0 csl-341640 0
28 0 csl-236126 0
28 0 csl-280706 0
28 0 csl-231938 0
28 0 csl-334795 0
28 0 csl-232937 0
28 0 csl-377313 0
28 0 csl-347669 0
28 0 csl-291742 0
28 0 csl-185208 0
28 0 csl-294952 0
28 0 csl-272160 0
28 0 csl-199918 0
28 0 csl-140144 0
28 0 csl-272776 0
28 0 csl-393208 0
28 0 csl-360600 0
28 0 csl-019310 0
28 0 csl-190161 0
28 0 csl-030669 0
28 0 csl-324558 0
28 0 csl-346699 0
28 0 csl-237704 0
28 0 csl-218240 0
28 0 csl-108810 0
28 0 csl-211941 0
28 0 csl-333241 0
28 0 csl-269393 0
28 0 csl-302623 0
28 0 csl-349035 0
28 0 csl-079675 0
28 0 csl-210295 0
28 0 csl-064501 0
28 0 csl-115378 0
28 0 csl-138185 0
28 0 csl-136665 3
28 0 csl-373809 0
28 0 csl-083076 0
28 0 csl-273806 0
28 0 csl-206554 0
28 0 csl-381198 0
28 0 csl-022938 0
28 0 csl-100835 0
30 0 csl-275266 0
30 0 csl-164403 0
30 0 csl-292831 0
30 0 csl-243745 0
30 0 csl-261901 0
30 0 csl-154228 0
30 0 csl-161235 0
30 0 csl-396134 0
30 0 csl-183006 0
30 0 csl-230221 0
30 0 csl-336562 0
30 0 csl-179830 0
30 0 csl-013924 0
30 0 csl-216224 0
30 0 csl-246656 0
30 0 csl-042772 0
30 0 csl-190267 0
30 0 csl-154643 0
30 0 csl-264452 0
30 0 csl-388549 0
30 0 csl-093693 0
30 0 csl-375218 3
30 0 csl-051105 0
30 0 csl-144463 0
30 0 csl-112408 0
30 0 csl-201112 0
30 0 csl-135349 0
30 0 csl-183191 0
30 0 csl-009469 0
30 0 csl-118621 0
30 0 csl-006283 0
30 0 csl-137454 0
30 0 csl-296944 0
30 0 csl-383506 0
30 0 csl-217582 0
30 0 csl-261415 0
30 0 csl-295728 0
30 0 csl-134769 0
30 0 csl-044561 0
30 0 csl-242627 0
30 0 csl-169070 0
30 0 csl-278791 0
30 0 csl-124613 0
30 0 csl-113027 0
30 0 csl-273016 0
30 0 csl-309347 0
30 0 csl-253013 0
30 0 csl-323061 0
30 0 csl-291871 0
30 0 csl-308508 0
30 0 csl-231037 0
30 0 csl-245060 0
30 0 csl-281277 0
30 0 csl-127445 0
30 0 csl-000786 0
30 0 csl-156109 0
30 0 csl-136567 0
30 0 csl-044151 0
30 0 csl-105723 0
30 0 csl-201439 0
30 0 csl-262063 0
30 0 csl-029481 0
30 0 csl-343871 0
30 0 csl-191888 0
30 0 csl-029380 0
30 0 csl-263368 0
30 0 csl-014380 0
30 0 csl-278646 0
30 0 csl-184296 0
30 0 csl-275032 0
30 0 csl-264061 0
30 0 csl-179162 0
30 0 csl-007136 0
30 0 csl-279172 0
30 0 csl-167857 0
30 0 csl-227120 0
30 0 csl-158661 0
30 0 csl-134217 0
30 0 csl-047565 0
30 0 csl-197194 0
30 0 csl-199682 0
30 0 csl-184193 0
30 0 csl-140209 0
30 0 csl-213619 0
30 0 csl-212969 0
30 0 csl-221459 0
30 0 csl-016536 0
30 0 csl-334025 0
30 0 csl-123029 0
30 0 csl-151735 0
30 0 csl-199620 0
30 0 csl-333123 0
30 0 csl-321965 0
30 0 csl-306900 0
30 0 csl-257702 0
30 0 csl-040652 0
30 0 csl-186642 0
30 0 csl-121384 0
30 0 csl-353215 0
30 0 csl-345359 0
30 0 csl-075750 0
30 0 csl-294167 0
30 0 csl-245481 0
30 0 csl-296817 0
30 0 csl-383600 0
30 0 csl-292868 0
30 0 csl-089270 0
30 0 csl-020953 0
30 0 csl-192440 0
30 0 csl-265004 0
30 0 csl-068313 0
30 0 csl-385138 0
30 0 csl-236879 0
30 0 csl-142077 0
30 0 csl-381872 0
30 0 csl-156489 0
30 0 csl-096879 0
30 0 csl-017156 0
30 0 csl-372455 0
30 0 csl-303693 0
30 0 csl-289276 0
30 0 csl-362453 0
30 0 csl-199836 0
30 0 csl-315690 0
30 0 csl-241581 0
30 0 csl-214256 0
30 0 csl-151638 0
30 0 csl-395046 0
30 0 csl-123317 0
30 0 csl-100778 0
30 0 csl-363030 0
30 0 csl-178169 0
30 0 csl-066072 0
30 0 csl-118683 0
30 0 csl-101996 0
30 0 csl-128773 0
30 0 csl-109459 0
30 0 csl-087671 0
30 0 csl-137038 0
30 0 csl-185761 0
30 0 csl-038418 0
30 0 csl-364746 0
30 0 csl-380467 0
30 0 csl-115571 0
30 0 csl-289637 0
30 0 csl-138769 0
30 0 csl-101385 0
30 0 csl-168023 0
30 0 csl-028806 0
30 0 csl-344967 0
30 0 csl-189493 0
30 0 csl-037309 0
30 0 csl-087784 0
30 0 csl-358743 0
30 0 csl-311613 0
30 0 csl-033462 0
30 0 csl-317126 0
30 0 csl-188413 0
30 0 csl-056125 0
30 0 csl-142117 0
30 0 csl-304281 0
30 0 csl-210332 0
30 0 csl-090065 0
30 0 csl-150639 0
30 0 csl-003482 0
30 0 csl-361906 0
30 0 csl-310324 0
30 0 csl-095068 0
30 0 csl-300820 0
30 0 csl-281783 0
30 0 csl-065256 0
30 0 csl-183194 0
30 0 csl-192751 0
30 0 csl-171415 0
30 0 csl-184614 0
30 0 csl-221337 0
30 0 csl-236634 0
30 0 csl-014388 0
30 0 csl-136374 0
30 0 csl-162823 0
30 0 csl-335418 0
30 0 csl-359796 0
30 0 csl-245011 0
30 0 csl-365803 0
30 0 csl-362537 0
30 0 csl-153499 0
30 0 csl-056930 0
30 0 csl-322128 0
30 0 csl-033424 0
30 0 csl-115093 0
30 0 csl-168102 0
30 0 csl-374742 0
30 0 csl-023409 0
30 0 csl-188134 0
30 0 csl-007706 0
30 0 csl-219155 0
30 0 csl-194096 0
30 0 csl-374190 0
30 0 csl-243734 0
30 0 csl-365145 0
30 0 csl-089944 0
30 0 csl-309929 0
30 0 csl-058463 0
30 0 csl-172439 0
30 0 csl-222227 0
30 0 csl-361627 0
30 0 csl-292704 0
30 0 csl-013912 0
30 0 csl-163999 0
30 0 csl-177954 0
30 0 csl-216282 0
30 0 csl-238127 0
30 0 csl-125913 0
30 0 csl-129018 0
30 0 csl-127075 0
30 0 csl-210196 0
30 0 csl-326273 0
30 0 csl-363778 0
30 0 csl-166116 0
30 0 csl-094489 0
30 0 csl-135865 0
30 0 csl-272098 0
30 0 csl-193162 0
30 0 csl-077052 0
30 0 csl-196938 0
30 0 csl-172250 0
30 0 csl-007269 0
30 0 csl-277861 0
30 0 csl-010075 0
30 0 csl-136681 0
30 0 csl-390284 0
30 0 csl-152649 0
30 0 csl-201654 0
30 0 csl-186909 0
30 0 csl-306797 0
30 0 csl-226610 0
30 0 csl-000821 0
30 0 csl-275648 0
30 0 csl-051155 0
30 0 csl-393442 0
30 0 csl-393208 0
30 0 csl-250677 0
30 0 csl-021958 0
30 0 csl-233414 0
30 0 csl-345595 0
30 0 csl-211925 0
30 0 csl-306018 0
30 0 csl-078553 0
30 0 csl-199775 0
30 0 csl-009446 0
30 0 csl-254220 0
30 0 csl-098331 0
30 0 csl-029303 0
30 0 csl-131257 0
30 0 csl-171584 0
30 0 csl-211712 0
30 0 csl-297821 0
30 0 csl-159612 0
30 0 csl-210381 0
30 0 csl-107816 0
30 0 csl-356392 0
30 0 csl-047057 0
30 0 csl-117791 0
30 0 csl-079370 0
30 0 csl-030827 0
30 0 csl-099093 0
30 0 csl-116239 0
30 0 csl-033165 0
30 0 csl-388791 0
30 0 csl-036795 0
30 0 csl-236708 0
30 0 csl-346441 0
30 0 csl-260857 0
30 0 csl-092387 0
30 0 csl-318682 0
30 0 csl-031161 0
30 0 csl-140294 0
30 0 csl-062257 0
30 0 csl-208617 0
30 0 csl-053451 0
30 0 csl-192206 0
30 0 csl-166437 0
30 0 csl-014841 0
30 0 csl-068778 0
30 0 csl-011433 0
30 0 csl-129532 0
30 0 csl-358966 0
30 0 csl-324930 0
30 0 csl-008462 0
30 0 csl-302028 0
30 0 csl-048408 0
30 0 csl-292917 0
30 0 csl-204247 0
30 0 csl-305490 0
30 0 csl-390294 0
30 0 csl-260903 0
30 0 csl-171290 0
30 0 csl-316292 0
30 0 csl-367237 0
30 0 csl-162327 0
30 0 csl-310443 0
30 0 csl-066974 0
30 0 csl-336882 0
30 0 csl-345382 0
30 0 csl-131045 0
30 0 csl-185422 0
30 0 csl-392520 0
30 0 csl-154520 0
30 0 csl-208591 0
30 0 csl-127345 0
30 0 csl-300540 0
30 0 csl-278870 0
30 0 csl-098646 0
30 0 csl-343936 0
30 0 csl-026971 0
30 0 csl-029393 0
30 0 csl-155595 0
30 0 csl-160369 0
30 0 csl-052541 0
30 0 csl-177642 0
30 0 csl-365572 0
30 0 csl-389663 0
30 0 csl-139666 0
30 0 csl-239518 0
30 0 csl-287480 0
30 0 csl-015924 0
30 0 csl-322751 0
30 0 csl-222541 0
30 0 csl-158805 0
30 0 csl-277673 0
30 0 csl-200857 0
30 0 csl-177552 0
30 0 csl-030665 0
30 0 csl-323967 0
30 0 csl-380979 0
30 0 csl-247659 0
30 0 csl-249533 0
30 0 csl-163401 0
30 0 csl-369738 0
30 0 csl-314604 0
30 0 csl-240778 0
30 0 csl-395564 0
30 0 csl-002195 0
30 0 csl-086568 0
30 0 csl-266575 0
30 0 csl-192572 0
30 0 csl-012383 0
30 0 csl-110531 0
30 0 csl-240206 0
30 0 csl-123554 0
30 0 csl-228303 0
30 0 csl-374887 0
30 0 csl-288763 1
30 0 csl-127101 0
30 0 csl-288947 0
30 0 csl-148705 0
30 0 csl-347617 0
30 0 csl-134602 0
30 0 csl-125579 0
30 0 csl-035992 0
30 0 csl-189747 0
30 0 csl-268602 0
30 0 csl-201082 0
30 0 csl-233432 0
30 0 csl-393785 0
30 0 csl-155761 0
30 0 csl-097961 0
30 0 csl-164572 0
30 0 csl-125409 0
30 0 csl-028793 0
30 0 csl-212321 0
30 0 csl-183957 0
30 0 csl-128951 0
30 0 csl-373327 0
30 0 csl-368900 0
30 0 csl-117872 0
30 0 csl-273024 0
30 0 csl-046463 0
30 0 csl-163489 0
30 0 csl-222548 0
30 0 csl-184505 0
30 0 csl-260954 0
30 0 csl-163101 0
30 0 csl-348174 0
30 0 csl-262938 0
30 0 csl-095374 0
30 0 csl-396113 0
30 0 csl-067934 0
30 0 csl-234157 0
30 0 csl-308228 0
30 0 csl-087426 0
30 0 csl-395707 0
30 0 csl-119057 0
30 0 csl-234566 0
30 0 csl-373164 0
30 0 csl-186868 0
30 0 csl-324657 0
30 0 csl-253464 0
30 0 csl-066146 0
30 0 csl-102055 0
30 0 csl-208482 0
30 0 csl-131860 0
30 0 csl-378264 0
30 0 csl-223874 0
30 0 csl-245074 0
30 0 csl-071110 0
30 0 csl-245493 0
30 0 csl-264059 0
30 0 csl-116923 0
30 0 csl-069215 0
30 0 csl-242708 0
30 0 csl-282984 0
30 0 csl-155096 0
30 0 csl-023520 0
30 0 csl-195659 0
30 0 csl-126010 0
30 0 csl-276759 0
30 0 csl-066466 0
30 0 csl-123017 0
30 0 csl-370265 0
30 0 csl-043709 0
30 0 csl-040958 0
30 0 csl-089040 0
30 0 csl-323535 0
30 0 csl-244513 0
30 0 csl-347553 0
30 0 csl-302607 0
30 0 csl-394379 0
30 0 csl-209933 0
30 0 csl-183526 0
30 0 csl-298642 0
30 0 csl-361737 0
30 0 csl-087253 0
30 0 csl-271909 0
30 0 csl-290752 0
30 0 csl-256945 0
30 0 csl-294767 0
30 0 csl-118276 0
30 0 csl-128928 0
30 0 csl-319281 0
30 0 csl-281102 0
30 0 csl-014584 0
30 0 csl-252976 0
30 0 csl-139087 0
30 0 csl-164843 0
30 0 csl-228232 0
30 0 csl-064777 0
30 0 csl-070515 0
30 0 csl-295275 0
31 0 csl-338398 0
31 0 csl-101364 1
31 0 csl-024140 0
31 0 csl-321981 1
31 0 csl-268264 0
31 0 csl-067138 0
31 0 csl-147170 0
31 0 csl-036824 0
31 0 csl-244837 0
31 0 csl-032757 0
31 0 csl-056931 0
31 0 csl-186838 0
31 0 csl-356481 0
31 0 csl-003241 0
31 0 csl-118324 0
31 0 csl-329999 0
31 0 csl-140949 0
31 0 csl-215426 0
31 0 csl-265386 0
31 0 csl-150187 0
31 0 csl-150169 1
31 0 csl-003723 0
31 0 csl-117522 0
31 0 csl-077202 0
31 0 csl-277582 0
31 0 csl-196700 0
31 0 csl-259386 0
31 0 csl-110945 0
31 0 csl-244157 0
31 0 csl-279432 0
31 0 csl-265461 0
31 0 csl-152367 3
31 0 csl-189387 1
31 0 csl-163777 0
31 0 csl-083184 0
31 0 csl-191980 0
31 0 csl-175177 0
31 0 csl-335329 0
31 0 csl-113640 0
31 0 csl-007667 0
31 0 csl-374779 0
31 0 csl-147847 0
31 0 csl-152625 0
31 0 csl-307315 0
31 0 csl-087213 0
31 0 csl-076038 1
31 0 csl-287963 1
31 0 csl-304880 0
31 0 csl-266237 0
31 0 csl-226039 0
31 0 csl-293347 0
31 0 csl-032543 0
31 0 csl-069328 0
31 0 csl-050521 1
31 0 csl-195332 0
31 0 csl-310059 0
31 0 csl-218519 1
31 0 csl-272345 0
31 0 csl-224093 1
31 0 csl-115359 0
31 0 csl-148151 0
31 0 csl-083323 0
31 0 csl-032935 0
31 0 csl-104624 0
31 0 csl-015327 0
31 0 csl-331360 0
31 0 csl-002208 0
31 0 csl-159845 0
31 0 csl-131548 0
31 0 csl-127364 0
31 0 csl-081530 0
31 0 csl-172511 0
31 0 csl-336510 0
31 0 csl-085309 0
31 0 csl-286406 0
31 0 csl-284979 1
31 0 csl-215920 1
31 0 csl-241323 0
31 0 csl-365611 1
31 0 csl-129271 0
31 0 csl-067988 3
31 0 csl-313328 1
31 0 csl-391979 0
31 0 csl-129016 3
31 0 csl-346496 0
31 0 csl-201603 0
31 0 csl-085817 0
31 0 csl-063572 1
31 0 csl-333411 0
31 0 csl-227626 0
31 0 csl-125555 0
31 0 csl-249741 0
31 0 csl-378981 0
31 0 csl-108900 3
31 0 csl-249126 0
31 0 csl-094339 0
31 0 csl-317280 1
31 0 csl-268080 0
31 0 csl-309149 0
31 0 csl-277402 0
31 0 csl-192115 3
31 0 csl-094773 0
31 0 csl-239014 0
31 0 csl-344216 0
31 0 csl-391231 0
31 0 csl-101923 0
31 0 csl-298215 0
31 0 csl-205578 0
31 0 csl-324347 0
31 0 csl-318686 0
31 0 csl-179288 0
31 0 csl-129294 3
31 0 csl-147409 3
31 0 csl-041482 0
31 0 csl-187540 1
31 0 csl-065186 3
31 0 csl-133377 1
31 0 csl-018105 0
31 0 csl-261277 0
31 0 csl-019632 0
31 0 csl-242316 0
31 0 csl-340722 0
31 0 csl-026910 0
31 0 csl-316955 0
31 0 csl-141682 0
31 0 csl-378232 0
31 0 csl-167122 3
31 0 csl-168904 0
31 0 csl-378878 0
31 0 csl-040451 0
31 0 csl-025210 0
31 0 csl-147915 0
31 0 csl-322570 3
31 0 csl-209602 0
31 0 csl-212793 0
31 0 csl-007832 0
31 0 csl-070214 0
31 0 csl-293307 0
31 0 csl-084821 0
31 0 csl-372053 0
31 0 csl-295993 0
31 0 csl-396140 0
31 0 csl-391179 0
31 0 csl-136439 0
31 0 csl-054610 0
31 0 csl-301802 0
31 0 csl-326094 0
31 0 csl-048830 3
31 0 csl-259975 0
31 0 csl-021017 0
31 0 csl-332966 0
31 0 csl-288456 1
31 0 csl-316448 0
31 0 csl-327450 0
31 0 csl-033399 0
31 0 csl-322614 3
31 0 csl-153112 0
31 0 csl-025913 0
31 0 csl-277709 0
31 0 csl-309987 0
31 0 csl-097667 1
31 0 csl-357795 0
31 0 csl-106860 0
31 0 csl-339851 0
31 0 csl-048345 0
31 0 csl-112217 1
31 0 csl-366759 0
31 0 csl-060222 0
31 0 csl-077586 0
31 0 csl-253802 3
31 0 csl-310675 0
31 0 csl-022900 0
31 0 csl-053292 0
31 0 csl-192889 1
31 0 csl-114422 0
31 0 csl-284790 0
31 0 csl-249748 0
31 0 csl-380685 0
31 0 csl-246263 0
31 0 csl-110469 0
31 0 csl-047123 0
31 0 csl-044337 0
31 0 csl-193372 0
31 0 csl-246654 0
31 0 csl-126291 0
31 0 csl-082453 0
31 0 csl-088868 1
31 0 csl-037337 0
31 0 csl-127614 0
31 0 csl-319583 0
31 0 csl-034679 1
31 0 csl-270524 1
31 0 csl-113362 0
31 0 csl-373266 0
31 0 csl-218522 0
31 0 csl-306801 0
31 0 csl-198247 0
31 0 csl-201250 1
31 0 csl-004047 0
31 0 csl-032385 0
31 0 csl-086080 1
31 0 csl-123316 0
31 0 csl-318320 0
32 0 csl-328510 0
32 0 csl-215979 0
32 0 csl-294053 0
32 0 csl-343626 0
32 0 csl-044231 0
32 0 csl-278925 0
32 0 csl-121251 0
32 0 csl-185198 0
32 0 csl-027694 0
32 0 csl-112649 0
32 0 csl-185136 0
32 0 csl-327899 0
32 0 csl-396091 0
32 0 csl-014601 0
32 0 csl-270463 0
32 0 csl-074745 0
32 0 csl-327466 0
32 0 csl-207353 0
32 0 csl-301976 0
32 0 csl-168922 0
32 0 csl-341701 0
32 0 csl-008835 0
32 0 csl-329925 0
32 0 csl-329830 0
32 0 csl-329936 0
32 0 csl-116368 0
32 0 csl-284415 0
32 0 csl-205448 0
32 0 csl-007859 0
32 0 csl-217825 0
32 0 csl-215680 0
32 0 csl-150967 0
32 0 csl-312505 0
32 0 csl-276053 0
32 0 csl-165088 0
32 0 csl-034534 0
32 0 csl-318668 0
32 0 csl-033421 0
32 0 csl-365916 0
32 0 csl-155556 0
32 0 csl-189627 0
32 0 csl-070130 0
32 0 csl-031633 0
32 0 csl-384366 0
32 0 csl-348987 0
32 0 csl-209511 0
32 0 csl-140747 0
32 0 csl-021678 0
32 0 csl-226902 0
32 0 csl-290461 0
32 0 csl-307523 0
32 0 csl-185767 0
32 0 csl-230919 0
32 0 csl-170221 0
32 0 csl-362246 0
32 0 csl-320023 0
32 0 csl-181836 0
32 0 csl-099973 0
32 0 csl-062865 0
32 0 csl-008945 0
32 0 csl-036312 0
32 0 csl-073912 0
32 0 csl-270309 0
32 0 csl-221482 0
32 0 csl-051906 0
32 0 csl-325882 0
32 0 csl-227375 0
32 0 csl-162233 0
32 0 csl-337454 0
32 0 csl-230221 0
32 0 csl-321330 0
32 0 csl-290736 0
32 0 csl-142177 0
32 0 csl-033970 0
32 0 csl-333285 0
32 0 csl-053680 1
32 0 csl-031458 0
32 0 csl-034915 0
32 0 csl-034532 0
32 0 csl-234283 0
32 0 csl-325683 0
32 0 csl-063525 0
32 0 csl-020875 0
32 0 csl-371531 0
32 0 csl-073123 0
32 0 csl-025957 0
32 0 csl-180177 0
32 0 csl-364871 0
32 0 csl-148558 0
32 0 csl-142279 0
32 0 csl-009750 0
32 0 csl-201623 1
32 0 csl-298324 0
32 0 csl-100913 0
32 0 csl-136369 0
32 0 csl-219369 0
32 0 csl-352845 0
32 0 csl-122777 0
32 0 csl-226863 0
32 0 csl-317859 0
32 0 csl-375627 0
32 0 csl-321708 0
32 0 csl-020973 0
32 0 csl-179992 0
32 0 csl-083750 0
32 0 csl-241695 0
32 0 csl-270845 1
32 0 csl-112340 0
32 0 csl-195335 0
32 0 csl-059240 1
32 0 csl-287131 0
32 0 csl-044294 0
32 0 csl-036884 0
32 0 csl-217490 0
32 0 csl-309718 0
32 0 csl-067776 0
32 0 csl-151162 0
32 0 csl-040830 0
32 0 csl-360508 0
32 0 csl-219204 0
32 0 csl-258156 0
32 0 csl-164532 0
32 0 csl-346502 0
32 0 csl-017792 0
32 0 csl-255013 0
32 0 csl-057812 0
32 0 csl-024415 0
32 0 csl-215896 0
32 0 csl-187050 0
32 0 csl-250314 0
32 0 csl-304479 0
32 0 csl-029989 0
32 0 csl-262550 0
32 0 csl-342631 0
32 0 csl-127729 0
32 0 csl-254224 0
32 0 csl-226720 0
32 0 csl-374980 0
32 0 csl-169027 0
32 0 csl-105632 0
32 0 csl-128321 0
32 0 csl-015085 0
32 0 csl-062966 0
32 0 csl-371788 0
32 0 csl-018044 0
32 0 csl-009718 0
32 0 csl-177878 0
32 0 csl-326170 0
32 0 csl-003185 0
32 0 csl-366178 0
32 0 csl-301765 0
32 0 csl-354168 0
32 0 csl-307133 0
32 0 csl-312943 1
32 0 csl-156514 0
32 0 csl-307508 1
32 0 csl-338992 0
32 0 csl-317367 0
32 0 csl-349485 0
32 0 csl-338803 0
32 0 csl-129577 0
32 0 csl-031028 0
32 0 csl-097221 0
32 0 csl-176451 0
32 0 csl-153889 0
32 0 csl-342386 0
32 0 csl-364066 0
32 0 csl-128467 0
32 0 csl-251241 0
32 0 csl-221652 0
32 0 csl-091671 0
32 0 csl-080508 0
32 0 csl-220316 0
32 0 csl-156567 0
32 0 csl-370634 0
32 0 csl-348348 1
32 0 csl-391548 0
32 0 csl-040953 0
32 0 csl-349849 0
32 0 csl-394140 0
32 0 csl-074750 0
32 0 csl-026439 0
32 0 csl-335589 0
32 0 csl-086592 0
32 0 csl-081720 0
32 0 csl-126063 0
32 0 csl-387326 0
32 0 csl-279494 0
32 0 csl-055843 0
32 0 csl-277275 0
32 0 csl-342405 0
32 0 csl-105850 0
32 0 csl-337992 0
32 0 csl-350637 0
32 0 csl-350341 0
32 0 csl-142126 0
32 0 csl-233697 0
32 0 csl-042582 0
32 0 csl-202580 0
32 0 csl-287652 0
32 0 csl-045508 0
32 0 csl-165835 0
32 0 csl-248382 0
32 0 csl-214874 0
32 0 csl-032936 0
32 0 csl-006577 0
32 0 csl-200409 0
32 0 csl-282190 0
32 0 csl-043164 0
32 0 csl-069629 0
32 0 csl-055489 0
32 0 csl-339169 0
32 0 csl-153760 0
32 0 csl-271286 0
32 0 csl-146137 0
32 0 csl-085762 0
32 0 csl-126974 0
32 0 csl-089878 0
32 0 csl-183022 0
32 0 csl-162931 0
32 0 csl-263596 0
32 0 csl-129768 0
32 0 csl-375047 0
32 0 csl-037303 0
32 0 csl-040882 0
32 0 csl-317966 0
32 0 csl-194622 0
32 0 csl-321445 0
32 0 csl-069853 0
32 0 csl-301550 0
32 0 csl-260933 0
32 0 csl-373810 0
32 0 csl-365453 0
32 0 csl-141658 0
32 0 csl-122278 0
32 0 csl-156661 0
32 0 csl-371379 0
32 0 csl-093929 0
32 0 csl-056015 0
32 0 csl-302329 0
32 0 csl-112841 0
32 0 csl-089096 0
32 0 csl-315406 0
32 0 csl-378982 0
32 0 csl-208151 0
32 0 csl-387818 0
32 0 csl-392213 0
32 0 csl-282762 0
32 0 csl-254027 0
32 0 csl-070776 0
32 0 csl-296435 0
32 0 csl-034521 0
32 0 csl-365401 0
32 0 csl-079787 0
32 0 csl-164154 0
32 0 csl-033607 0
32 0 csl-273844 0
32 0 csl-364804 0
32 0 csl-324643 0
32 0 csl-162779 0
32 0 csl-185901 0
32 0 csl-049535 0
32 0 csl-259200 0
32 0 csl-166630 0
32 0 csl-338941 0
32 0 csl-103202 0
32 0 csl-002236 0
32 0 csl-054413 0
32 0 csl-265385 0
32 0 csl-063128 0
32 0 csl-162823 0
32 0 csl-317290 0
32 0 csl-157957 0
32 0 csl-020180 0
32 0 csl-002331 0
32 0 csl-125046 0
32 0 csl-091741 0
32 0 csl-295683 0
32 0 csl-258716 1
32 0 csl-087125 0
32 0 csl-043465 0
32 0 csl-269995 0
32 0 csl-142924 0
32 0 csl-084605 0
32 0 csl-084791 0
32 0 csl-335510 0
32 0 csl-367647 0
32 0 csl-358056 0
32 0 csl-006724 0
32 0 csl-112304 0
32 0 csl-191284 0
32 0 csl-280731 0
32 0 csl-155781 0
32 0 csl-210095 0
32 0 csl-177117 0
32 0 csl-162834 0
32 0 csl-022220 0
32 0 csl-393461 0
32 0 csl-117253 0
32 0 csl-308788 0
32 0 csl-162414 0
32 0 csl-054234 0
32 0 csl-321639 0
32 0 csl-263263 0
32 0 csl-270962 0
32 0 csl-284731 0
32 0 csl-062318 0
32 0 csl-319730 0
32 0 csl-393831 0
32 0 csl-247513 0
32 0 csl-078598 0
32 0 csl-046491 0
32 0 csl-386847 0
32 0 csl-159712 0
32 0 csl-127311 0
32 0 csl-289432 0
32 0 csl-277241 0
32 0 csl-136808 0
32 0 csl-211087 0
32 0 csl-294743 0
32 0 csl-155178 0
32 0 csl-201672 0
32 0 csl-008341 0
32 0 csl-332907 0
32 0 csl-376694 0
32 0 csl-265477 0
32 0 csl-109506 0
32 0 csl-069169 0
32 0 csl-072926 0
32 0 csl-023283 0
32 0 csl-208891 0
32 0 csl-064156 0
32 0 csl-268802 0
32 0 csl-136909 0
32 0 csl-237228 0
32 0 csl-224101 0
32 0 csl-337511 0
32 0 csl-123514 0
32 0 csl-239011 0
32 0 csl-231566 0
32 0 csl-270710 0
32 0 csl-061461 0
32 0 csl-390549 0
32 0 csl-023148 0
32 0 csl-390921 0
32 0 csl-116585 0
32 0 csl-379546 0
32 0 csl-272482 0
32 0 csl-365954 0
32 0 csl-104282 0
32 0 csl-355343 0
32 0 csl-111984 0
32 0 csl-371661 0
32 0 csl-147772 0
32 0 csl-048925 0
32 0 csl-318712 0
32 0 csl-024829 0
32 0 csl-015483 0
32 0 csl-284370 0
32 0 csl-287790 0
32 0 csl-027152 0
32 0 csl-198183 0
32 0 csl-021990 0
32 0 csl-265454 0
32 0 csl-018656 0
32 0 csl-241220 0
32 0 csl-300402 0
32 0 csl-363485 0
32 0 csl-348669 0
32 0 csl-125033 0
32 0 csl-222328 0
32 0 csl-047812 0
32 0 csl-055396 0
32 0 csl-170779 0
32 0 csl-341574 0
32 0 csl-077767 0
32 0 csl-178713 0
32 0 csl-099490 0
32 0 csl-026072 0
32 0 csl-127265 0
32 0 csl-307233 0
32 0 csl-094450 0
32 0 csl-125729 0
32 0 csl-285722 0
33 0 csl-081771 3
33 0 csl-271205 0
33 0 csl-332246 0
33 0 csl-035046 0
33 0 csl-079239 0
33 0 csl-033624 0
33 0 csl-274214 0
33 0 csl-230298 0
33 0 csl-318314 0
33 0 csl-300759 0
33 0 csl-249139 0
33 0 csl-101786 0
33 0 csl-192086 0
33 0 csl-051271 0
33 0 csl-093518 0
33 0 csl-078195 0
33 0 csl-101689 0
33 0 csl-358388 0
33 0 csl-007027 0
33 0 csl-039661 0
33 0 csl-284468 0
33 0 csl-100240 0
33 0 csl-076725 0
33 0 csl-214629 0
33 0 csl-368579 0
33 0 csl-349195 0
33 0 csl-241778 0
33 0 csl-374511 1
33 0 csl-378486 1
33 0 csl-139633 0
33 0 csl-105026 0
33 0 csl-283075 0
33 0 csl-263695 0
33 0 csl-375006 0
33 0 csl-053196 0
33 0 csl-048907 0
33 0 csl-283071 0
33 0 csl-233007 0
33 0 csl-284180 0
33 0 csl-021299 0
33 0 csl-100021 0
33 0 csl-283742 0
33 0 csl-031320 0
33 0 csl-252528 0
33 0 csl-071741 0
33 0 csl-210501 0
33 0 csl-142854 0
33 0 csl-046140 0
33 0 csl-062608 0
33 0 csl-087884 0
33 0 csl-286463 0
33 0 csl-278402 0
33 0 csl-009192 0
33 0 csl-206325 0
33 0 csl-232672 0
33 0 csl-240455 0
33 0 csl-025783 0
33 0 csl-329155 0
33 0 csl-310852 0
33 0 csl-040741 0
33 0 csl-190382 0
33 0 csl-358531 1
33 0 csl-026834 0
33 0 csl-320887 0
33 0 csl-060701 0
33 0 csl-139955 0
33 0 csl-377563 1
33 0 csl-222800 0
33 0 csl-244309 0
33 0 csl-228737 0
33 0 csl-150859 0
33 0 csl-239073 0
33 0 csl-252922 0
33 0 csl-226075 0
33 0 csl-177771 0
33 0 csl-038478 0
33 0 csl-186247 0
33 0 csl-087270 0
33 0 csl-208633 0
33 0 csl-194384 0
33 0 csl-344941 0
33 0 csl-315971 0
33 0 csl-015522 1
33 0 csl-171691 0
33 0 csl-260936 0
33 0 csl-029095 0
33 0 csl-197135 0
33 0 csl-098847 0
33 0 csl-043636 0
33 0 csl-227450 0
33 0 csl-195372 0
33 0 csl-151255 1
33 0 csl-277881 0
33 0 csl-023152 0
33 0 csl-338586 0
33 0 csl-146474 0
33 0 csl-187065 0
33 0 csl-387556 0
33 0 csl-070501 0
33 0 csl-143123 0
33 0 csl-205067 0
33 0 csl-389634 0
33 0 csl-014739 0
33 0 csl-094043 0
33 0 csl-077357 0
33 0 csl-291437 0
33 0 csl-355891 0
33 0 csl-272545 0
33 0 csl-259856 0
33 0 csl-237331 1
33 0 csl-110036 0
33 0 csl-353830 0
33 0 csl-007024 0
33 0 csl-200424 0
33 0 csl-348497 0
33 0 csl-003299 0
33 0 csl-329836 0
33 0 csl-195454 0
33 0 csl-091135 0
33 0 csl-141995 0
33 0 csl-290194 0
33 0 csl-110173 0
33 0 csl-026534 0
33 0 csl-371272 0
33 0 csl-136701 0
33 0 csl-353476 0
33 0 csl-178460 0
33 0 csl-219316 0
33 0 csl-110476 0
33 0 csl-321535 0
33 0 csl-316589 0
33 0 csl-391500 0
33 0 csl-234600 0
33 0 csl-028075 0
33 0 csl-306087 0
33 0 csl-349230 0
33 0 csl-349427 0
33 0 csl-203687 0
33 0 csl-254090 0
33 0 csl-334451 0
33 0 csl-355003 0
33 0 csl-013916 0
33 0 csl-098721 0
33 0 csl-060160 0
33 0 csl-254580 0
33 0 csl-341220 0
33 0 csl-008761 0
33 0 csl-219749 0
33 0 csl-283965 0
33 0 csl-240491 0
33 0 csl-319931 0
33 0 csl-134927 0
33 0 csl-193740 0
33 0 csl-190868 0
33 0 csl-193849 0
33 0 csl-160635 0
33 0 csl-192571 0
33 0 csl-108352 0
33 0 csl-022634 0
33 0 csl-099585 0
33 0 csl-036063 0
33 0 csl-249265 0
33 0 csl-201598 0
33 0 csl-244341 0
33 0 csl-202309 0
33 0 csl-084712 0
33 0 csl-159841 0
33 0 csl-244655 0
33 0 csl-137065 0
33 0 csl-190656 0
33 0 csl-072962 0
33 0 csl-114713 0
33 0 csl-057743 0
33 0 csl-149549 0
33 0 csl-296588 0
33 0 csl-193179 0
34 0 csl-076860 0
34 0 csl-056202 0
34 0 csl-191718 0
34 0 csl-111399 0
34 0 csl-349579 0
34 0 csl-173024 0
34 0 csl-211614 0
34 0 csl-276469 0
34 0 csl-250157 0
34 0 csl-095946 0
34 0 csl-133377 0
34 0 csl-292928 0
34 0 csl-069529 0
34 0 csl-287529 0
34 0 csl-322886 0
34 0 csl-105525 0
34 0 csl-195332 0
34 0 csl-304880 0
34 0 csl-031814 0
34 0 csl-072791 0
34 0 csl-278164 0
34 0 csl-230139 0
34 0 csl-028453 0
34 0 csl-199864 0
34 0 csl-041486 0
34 0 csl-298677 0
34 0 csl-096897 1
34 0 csl-059769 0
34 0 csl-232550 0
34 0 csl-230217 0
34 0 csl-232475 0
34 0 csl-381536 0
34 0 csl-188298 1
34 0 csl-288672 0
34 0 csl-309962 0
34 0 csl-041482 0
34 0 csl-017029 0
34 0 csl-108444 0
34 0 csl-262040 0
34 0 csl-095470 0
34 0 csl-303016 0
34 0 csl-063632 0
34 0 csl-198247 0
34 0 csl-181690 0
34 0 csl-032211 0
34 0 csl-108465 0
34 0 csl-368516 0
34 0 csl-123316 0
34 0 csl-112783 0
34 0 csl-349632 0
34 0 csl-205688 0
34 0 csl-103462 0
34 0 csl-045902 0
34 0 csl-309987 0
34 0 csl-108595 0
34 0 csl-288456 0
34 0 csl-372865 0
34 0 csl-267365 0
34 0 csl-391485 0
34 0 csl-125548 0
34 0 csl-318686 0
34 0 csl-066315 0
34 0 csl-094735 0
34 0 csl-221079 0
34 0 csl-288996 0
34 0 csl-065896 0
34 0 csl-394068 0
34 0 csl-150169 0
34 0 csl-230076 0
34 0 csl-242316 0
34 0 csl-146872 0
34 0 csl-053556 0
34 0 csl-279131 0
34 0 csl-366910 0
34 0 csl-293021 0
34 0 csl-048830 0
34 0 csl-284547 0
34 0 csl-088188 0
34 0 csl-150688 0
34 0 csl-007131 1
34 0 csl-247732 0
34 0 csl-033077 0
34 0 csl-273486 0
34 0 csl-182318 0
34 0 csl-084035 0
34 0 csl-049494 0
34 0 csl-210021 0
34 0 csl-149877 0
34 0 csl-374779 0
34 0 csl-343810 0
34 0 csl-295997 0
34 0 csl-370269 0
34 0 csl-110945 0
34 0 csl-218918 0
34 0 csl-193972 0
34 0 csl-367118 0
34 0 csl-009241 0
34 0 csl-345074 0
34 0 csl-272580 0
34 0 csl-330263 0
34 0 csl-019722 0
34 0 csl-243582 0
34 0 csl-316448 1
34 0 csl-209238 0
34 0 csl-206352 0
34 0 csl-346398 0
34 0 csl-056101 0
34 0 csl-056138 0
34 0 csl-381631 0
34 0 csl-113389 0
34 0 csl-113640 0
34 0 csl-316955 3
34 0 csl-086080 0
34 0 csl-122600 0
34 0 csl-186838 0
34 0 csl-025886 0
34 0 csl-334913 0
34 0 csl-072820 0
34 0 csl-033399 0
34 0 csl-245828 0
34 0 csl-352838 0
34 0 csl-178122 0
34 0 csl-375519 0
34 0 csl-356050 0
34 0 csl-305317 0
34 0 csl-367747 0
34 0 csl-374434 0
34 0 csl-339258 0
34 0 csl-370080 0
34 0 csl-052272 0
34 0 csl-040001 0
34 0 csl-201603 0
34 0 csl-114946 0
34 0 csl-164737 0
34 0 csl-309101 0
34 0 csl-005807 0
34 0 csl-277863 0
34 0 csl-054610 0
34 0 csl-120588 0
34 0 csl-284979 0
34 0 csl-027435 0
34 0 csl-095408 0
34 0 csl-020881 0
34 0 csl-026974 0
34 0 csl-298095 0
34 0 csl-152625 0
34 0 csl-075992 0
34 0 csl-104313 0
34 0 csl-245703 0
34 0 csl-246760 1
34 0 csl-080880 0
34 0 csl-375777 0
34 0 csl-215920 0
34 0 csl-300215 0
34 0 csl-368075 0
34 0 csl-282124 0
34 0 csl-100801 0
34 0 csl-320674 0
34 0 csl-211059 0
34 0 csl-366615 0
34 0 csl-160729 0
34 0 csl-365611 0
34 0 csl-299008 0
34 0 csl-063827 0
34 0 csl-131783 0
34 0 csl-175299 0
34 0 csl-221634 0
34 0 csl-235556 0
34 0 csl-237095 0
34 0 csl-132156 0
34 0 csl-329334 0
34 0 csl-342724 0
34 0 csl-214930 0
34 0 csl-085817 0
34 0 csl-384922 0
34 0 csl-383291 0
34 0 csl-067138 0
34 0 csl-040340 0
34 0 csl-378791 0
34 0 csl-314721 0
34 0 csl-250782 0
34 0 csl-273027 0
34 0 csl-380668 0
34 0 csl-357169 0
34 0 csl-193099 0
34 0 csl-356486 0
34 0 csl-054213 0
34 0 csl-230578 0
34 0 csl-129166 0
34 0 csl-215322 0
34 0 csl-119815 0
34 0 csl-022900 0
34 0 csl-193880 0
34 0 csl-215826 0
34 0 csl-170182 0
34 0 csl-129016 0
34 0 csl-152206 0
34 0 csl-177348 0
34 0 csl-262848 0
34 0 csl-313328 0
34 0 csl-289612 0
34 0 csl-047123 1
34 0 csl-090557 0
34 0 csl-196700 0
34 0 csl-129205 1
34 0 csl-164837 0
34 0 csl-374318 0
34 0 csl-129675 0
34 0 csl-067213 0
34 0 csl-084821 1
34 0 csl-253640 0
34 0 csl-075551 0
34 0 csl-358356 0
34 0 csl-351910 0
34 0 csl-083184 0
34 0 csl-310300 0
34 0 csl-336929 0
34 0 csl-234735 0
34 0 csl-112217 0
34 0 csl-114800 0
34 0 csl-366764 0
34 0 csl-362216 0
34 0 csl-367557 0
34 0 csl-212355 0
34 0 csl-175102 0
34 0 csl-332579 0
34 0 csl-000398 0
34 0 csl-039180 0
34 0 csl-158215 0
34 0 csl-047981 0
34 0 csl-115797 0
34 0 csl-219902 0
34 0 csl-326320 0
34 0 csl-040872 0
34 0 csl-227585 0
34 0 csl-032091 0
34 0 csl-032757 0
34 0 csl-017524 0
34 0 csl-212470 0
34 0 csl-187822 0
34 0 csl-248548 0
34 0 csl-075076 0
34 0 csl-101364 0
34 0 csl-155322 0
34 0 csl-241990 0
34 0 csl-035048 0
34 0 csl-072082 0
34 0 csl-193419 0
34 0 csl-163921 0
34 0 csl-272978 0
34 0 csl-098393 0
34 0 csl-147409 0
34 0 csl-384055 0
34 0 csl-163155 0
34 0 csl-124615 0
34 0 csl-041794 0
34 0 csl-362678 0
34 0 csl-055052 0
34 0 csl-177743 0
34 0 csl-123799 0
34 0 csl-206651 0
34 0 csl-249126 0
34 0 csl-167924 0
34 0 csl-002673 0
34 0 csl-189387 0
34 0 csl-089155 0
34 0 csl-266951 1
34 0 csl-000270 0
34 0 csl-011271 0
34 0 csl-274925 0
34 0 csl-242202 0
34 0 csl-253802 0
34 0 csl-169031 0
34 0 csl-020874 0
34 0 csl-310190 0
34 0 csl-005672 0
34 0 csl-249172 0
34 0 csl-195980 0
34 0 csl-056814 0
34 0 csl-099821 0
34 0 csl-333663 0
34 0 csl-113643 0
34 0 csl-340530 0
34 0 csl-155538 0
34 0 csl-152367 0
34 0 csl-325893 0
34 0 csl-343945 0
34 0 csl-151826 0
34 0 csl-151413 0
34 0 csl-034378 0
34 0 csl-251990 0
34 0 csl-195527 0
34 0 csl-320991 0
34 0 csl-209602 0
34 0 csl-012277 0
34 0 csl-342201 0
34 0 csl-059289 0
34 0 csl-385719 0
34 0 csl-154636 0
34 0 csl-007743 0
34 0 csl-311789 0
34 0 csl-050521 0
34 0 csl-072844 0
34 0 csl-248389 0
34 0 csl-318502 0
34 0 csl-296225 0
34 0 csl-025789 0
34 0 csl-235641 0
34 0 csl-240930 0
34 0 csl-271581 0
34 0 csl-393796 0
34 0 csl-272056 0
34 0 csl-151522 0
34 0 csl-073286 1
34 0 csl-338119 0
34 0 csl-308122 0
34 0 csl-167122 0
34 0 csl-175439 0
34 0 csl-272619 0
34 0 csl-169419 0
34 0 csl-089892 0
34 0 csl-357214 0
34 0 csl-201651 0
34 0 csl-026740 0
34 0 csl-307745 0
34 0 csl-075589 0
34 0 csl-251123 0
34 0 csl-300198 0
34 0 csl-077492 0
34 0 csl-206094 0
34 0 csl-100062 0
34 0 csl-306700 0
34 0 csl-220932 0
34 0 csl-244952 0
34 0 csl-028319 0
34 0 csl-335329 0
34 0 csl-066181 0
34 0 csl-300885 0
34 0 csl-192115 0
34 0 csl-247778 0
34 0 csl-318573 0
34 0 csl-003868 0
34 0 csl-041443 0
34 0 csl-353907 0
34 0 csl-129088 0
34 0 csl-073342 0
34 0 csl-310675 0
34 0 csl-348605 0
34 0 csl-123624 0
34 0 csl-101923 0
34 0 csl-388837 0
34 0 csl-184294 0
34 0 csl-187540 0
34 0 csl-166577 0
34 0 csl-382146 0
34 0 csl-356120 0
34 0 csl-118301 0
34 0 csl-315188 0
34 0 csl-019632 0
34 0 csl-208506 1
34 0 csl-294996 0
34 0 csl-343497 0
34 0 csl-155260 0
34 0 csl-317531 0
34 0 csl-050771 0
34 0 csl-393454 0
35 0 csl-070905 0
35 0 csl-236573 0
35 0 csl-366390 0
35 0 csl-303899 0
35 0 csl-045404 0
35 0 csl-365528 0
35 0 csl-208571 0
35 0 csl-176516 0
35 0 csl-167350 0
35 0 csl-019340 0
35 0 csl-393888 0
35 0 csl-255947 0
35 0 csl-011293 0
35 0 csl-363933 0
35 0 csl-104068 0
35 0 csl-000433 0
35 0 csl-124011 0
35 0 csl-348568 0
35 0 csl-088388 0
35 0 csl-113220 0
35 0 csl-176722 3
35 0 csl-004290 0
35 0 csl-323285 0
35 0 csl-071048 0
35 0 csl-055641 0
35 0 csl-173558 0
35 0 csl-366674 0
35 0 csl-294387 0
35 0 csl-240305 0
35 0 csl-272692 0
35 0 csl-082358 0
35 0 csl-220030 0
35 0 csl-266439 0
35 0 csl-295886 0
35 0 csl-283906 0
35 0 csl-212607 0
35 0 csl-004363 0
35 0 csl-248988 0
35 0 csl-251398 0
35 0 csl-048357 0
35 0 csl-375458 0
35 0 csl-078390 0
35 0 csl-178128 0
35 0 csl-261277 0
35 0 csl-287071 0
35 0 csl-109671 0
35 0 csl-010888 0
35 0 csl-389060 3
35 0 csl-316506 0
35 0 csl-128054 0
35 0 csl-367294 0
35 0 csl-004681 0
35 0 csl-184509 0
35 0 csl-063380 0
35 0 csl-044226 0
35 0 csl-258662 0
35 0 csl-215598 1
35 0 csl-343871 0
35 0 csl-251165 0
35 0 csl-025614 0
35 0 csl-297005 0
35 0 csl-268503 0
35 0 csl-136430 0
35 0 csl-322055 0
35 0 csl-136945 0
35 0 csl-222714 0
35 0 csl-373348 0
35 0 csl-025056 0
35 0 csl-278899 0
35 0 csl-264270 0
35 0 csl-200157 0
35 0 csl-037666 0
35 0 csl-085156 0
35 0 csl-187776 0
35 0 csl-306495 0
35 0 csl-381683 0
35 0 csl-279723 0
35 0 csl-243828 0
35 0 csl-107945 0
35 0 csl-037120 0
35 0 csl-336562 0
35 0 csl-328868 0
35 0 csl-344153 0
35 0 csl-135767 0
35 0 csl-133620 0
35 0 csl-015532 0
35 0 csl-285241 0
35 0 csl-244096 0
35 0 csl-322428 0
35 0 csl-040173 0
35 0 csl-172357 3
35 0 csl-170414 0
35 0 csl-249827 0
35 0 csl-209047 0
35 0 csl-176239 0
35 0 csl-317886 0
35 0 csl-090843 0
35 0 csl-011601 0
35 0 csl-055425 0
35 0 csl-268672 0
35 0 csl-004390 0
35 0 csl-338744 0
35 0 csl-084290 0
35 0 csl-133581 0
35 0 csl-370688 0
35 0 csl-048633 1
35 0 csl-071278 0
35 0 csl-181453 0
35 0 csl-050711 0
35 0 csl-260495 0
35 0 csl-125804 0
35 0 csl-382665 0
35 0 csl-068851 0
35 0 csl-300443 0
35 0 csl-171404 0
35 0 csl-317523 0
35 0 csl-180806 0
35 0 csl-157293 0
35 0 csl-288089 0
35 0 csl-343411 0
35 0 csl-121491 0
35 0 csl-233953 0
35 0 csl-144693 0
35 0 csl-333533 0
35 0 csl-311962 0
35 0 csl-390376 0
35 0 csl-358081 0
35 0 csl-131178 0
35 0 csl-276163 0
35 0 csl-380786 0
35 0 csl-114213 0
35 0 csl-096345 0
35 0 csl-291278 0
35 0 csl-030957 0
35 0 csl-362579 0
35 0 csl-270545 0
35 0 csl-326028 0
35 0 csl-145434 0
35 0 csl-302578 0
35 0 csl-039408 0
35 0 csl-317463 0
35 0 csl-065166 0
35 0 csl-357338 0
35 0 csl-329101 0
35 0 csl-301765 0
35 0 csl-366750 0
35 0 csl-106756 0
35 0 csl-352985 0
35 0 csl-163151 0
35 0 csl-180523 0
35 0 csl-110263 0
35 0 csl-230509 0
35 0 csl-099126 0
35 0 csl-117140 0
35 0 csl-297915 0
35 0 csl-113584 0
35 0 csl-310014 0
35 0 csl-092075 0
35 0 csl-002281 0
35 0 csl-258024 0
35 0 csl-135006 0
35 0 csl-367151 0
35 0 csl-288444 0
35 0 csl-322848 0
35 0 csl-304157 0
35 0 csl-254619 0
35 0 csl-303192 0
35 0 csl-269827 0
35 0 csl-061705 0
35 0 csl-094757 0
35 0 csl-338273 0
35 0 csl-181424 0
35 0 csl-387677 1
35 0 csl-333527 0
35 0 csl-023920 0
35 0 csl-288458 0
35 0 csl-013462 0
35 0 csl-062308 0
35 0 csl-203420 0
35 0 csl-038310 0
35 0 csl-290837 0
35 0 csl-128153 0
35 0 csl-234616 0
35 0 csl-386591 0
35 0 csl-326320 0
35 0 csl-122898 0
35 0 csl-271994 0
35 0 csl-383341 0
35 0 csl-145025 0
35 0 csl-061049 0
35 0 csl-067038 0
35 0 csl-125523 0
35 0 csl-001054 0
35 0 csl-326752 0
35 0 csl-066985 0
35 0 csl-057865 0
35 0 csl-337598 0
35 0 csl-314305 0
35 0 csl-275096 0
35 0 csl-187810 0
35 0 csl-112885 0
35 0 csl-352555 0
35 0 csl-104492 0
35 0 csl-062785 0
35 0 csl-256393 0
35 0 csl-029040 0
35 0 csl-294002 0
35 0 csl-353509 0
35 0 csl-238269 0
35 0 csl-295716 0
35 0 csl-379907 0
35 0 csl-028481 0
35 0 csl-047739 0
35 0 csl-035117 0
35 0 csl-367942 0
35 0 csl-247899 0
35 0 csl-317303 0
35 0 csl-195190 0
35 0 csl-166853 0
35 0 csl-185945 0
35 0 csl-251522 0
35 0 csl-026298 0
35 0 csl-094011 0
35 0 csl-176735 0
35 0 csl-243038 0
35 0 csl-136166 0
35 0 csl-337835 0
35 0 csl-162149 0
35 0 csl-150591 0
35 0 csl-000531 0
35 0 csl-217538 0
35 0 csl-202158 0
35 0 csl-270206 0
35 0 csl-171569 0
35 0 csl-379789 0
35 0 csl-072727 0
35 0 csl-067949 0
35 0 csl-224980 0
35 0 csl-068291 0
35 0 csl-338342 0
35 0 csl-147429 0
35 0 csl-167264 0
35 0 csl-030392 0
35 0 csl-190310 0
35 0 csl-171633 0
35 0 csl-213525 0
35 0 csl-034354 0
35 0 csl-215388 0
35 0 csl-011965 0
35 0 csl-316840 0
35 0 csl-276496 0
35 0 csl-033873 0
35 0 csl-205037 1
35 0 csl-178877 0
35 0 csl-230290 0
35 0 csl-303969 0
35 0 csl-004349 0
35 0 csl-305490 0
35 0 csl-001772 0
35 0 csl-251682 0
35 0 csl-171262 0
35 0 csl-379667 0
35 0 csl-033605 0
35 0 csl-342612 0
35 0 csl-079199 1
35 0 csl-153479 0
35 0 csl-042417 0
35 0 csl-337606 0
35 0 csl-171008 0
35 0 csl-252992 0
35 0 csl-288232 0
36 0 csl-216888 1
36 0 csl-222060 0
36 0 csl-260843 0
36 0 csl-135660 0
36 0 csl-280138 0
36 0 csl-055872 0
36 0 csl-195506 0
36 0 csl-290650 0
36 0 csl-150245 0
36 0 csl-362038 0
36 0 csl-347502 0
36 0 csl-033407 1
36 0 csl-060344 1
36 0 csl-236573 0
36 0 csl-323867 0
36 0 csl-095249 0
36 0 csl-127065 0
36 0 csl-216636 0
36 0 csl-181453 0
36 0 csl-242593 0
36 0 csl-289515 0
36 0 csl-225147 0
36 0 csl-052902 0
36 0 csl-109848 0
36 0 csl-216149 0
36 0 csl-119601 0
36 0 csl-256921 0
36 0 csl-142307 0
36 0 csl-241395 0
36 0 csl-299343 1
36 0 csl-089276 0
36 0 csl-140077 1
36 0 csl-381698 0
36 0 csl-021754 0
36 0 csl-262383 0
36 0 csl-392400 0
36 0 csl-255046 0
36 0 csl-149389 0
36 0 csl-296200 0
36 0 csl-230195 0
36 0 csl-175606 0
36 0 csl-034855 0
36 0 csl-231938 0
36 0 csl-058847 0
36 0 csl-264926 0
36 0 csl-395329 0
36 0 csl-331372 0
36 0 csl-230406 0
36 0 csl-223932 0
36 0 csl-198108 0
36 0 csl-143555 0
36 0 csl-194038 0
36 0 csl-259728 0
36 0 csl-046343 0
36 0 csl-037030 0
36 0 csl-267281 0
36 0 csl-373274 0
36 0 csl-255636 0
36 0 csl-219318 0
36 0 csl-034052 0
36 0 csl-165117 0
36 0 csl-366670 0
36 0 csl-042588 0
36 0 csl-059485 0
36 0 csl-237798 1
36 0 csl-077978 0
36 0 csl-079199 0
36 0 csl-267638 0
36 0 csl-155565 0
36 0 csl-352658 0
36 0 csl-217175 0
36 0 csl-026519 0
36 0 csl-355008 0
36 0 csl-095585 0
36 0 csl-374021 0
36 0 csl-117872 0
36 0 csl-379906 0
36 0 csl-027032 0
36 0 csl-191816 0
36 0 csl-352083 0
36 0 csl-254026 0
36 0 csl-277344 0
36 0 csl-146234 0
36 0 csl-036335 0
36 0 csl-097266 0
36 0 csl-113609 0
36 0 csl-007141 1
36 0 csl-372726 0
36 0 csl-135193 0
36 0 csl-088388 0
36 0 csl-190115 0
36 0 csl-149849 0
36 0 csl-372376 0
36 0 csl-302578 0
36 0 csl-192658 0
36 0 csl-003688 0
36 0 csl-225263 0
36 0 csl-072302 0
36 0 csl-138983 0
36 0 csl-006881 0
36 0 csl-173819 0
36 0 csl-268155 0
36 0 csl-017180 0
36 0 csl-201375 0
36 0 csl-157685 0
36 0 csl-385138 0
36 0 csl-046403 0
36 0 csl-252188 0
36 0 csl-025782 0
36 0 csl-058882 0
36 0 csl-302833 0
36 0 csl-263607 0
36 0 csl-131148 0
36 0 csl-026277 0
36 0 csl-239681 0
36 0 csl-246916 0
36 0 csl-013364 0
36 0 csl-129599 0
36 0 csl-335187 0
36 0 csl-052911 0
36 0 csl-311148 0
36 0 csl-356838 0
36 0 csl-063605 0
36 0 csl-254619 0
36 0 csl-361331 0
36 0 csl-147437 0
36 0 csl-302991 1
36 0 csl-196591 0
36 0 csl-330184 0
36 0 csl-383506 0
36 0 csl-187814 0
36 0 csl-098069 0
36 0 csl-323535 0
36 0 csl-294952 0
36 0 csl-115059 0
36 0 csl-047225 0
36 0 csl-057097 0
36 0 csl-325659 0
36 0 csl-186039 0
36 0 csl-017989 0
36 0 csl-026863 0
36 0 csl-042213 0
36 0 csl-056943 0
36 0 csl-282378 0
36 0 csl-156250 0
36 0 csl-131542 0
36 0 csl-019653 0
36 0 csl-345804 1
36 0 csl-027041 0
36 0 csl-262710 0
36 0 csl-390774 1
36 0 csl-162745 0
36 0 csl-171240 0
36 0 csl-086070 0
36 0 csl-026298 0
36 0 csl-086325 0
36 0 csl-215819 0
36 0 csl-148032 0
36 0 csl-071151 0
36 0 csl-019855 0
36 0 csl-091191 0
36 0 csl-083952 0
36 0 csl-216224 0
36 0 csl-084290 0
36 0 csl-065246 0
36 0 csl-228714 0
36 0 csl-371172 0
36 0 csl-379974 0
36 0 csl-135530 0
36 0 csl-228332 0
36 0 csl-068772 0
36 0 csl-089859 0
36 0 csl-239656 0
36 0 csl-034522 0
36 0 csl-253579 0
36 0 csl-087446 0
36 0 csl-388589 0
36 0 csl-351667 0
36 0 csl-384929 0
36 0 csl-207860 0
36 0 csl-327973 0
36 0 csl-023920 0
36 0 csl-050933 0
36 0 csl-284347 0
36 0 csl-048355 0
36 0 csl-031991 0
36 0 csl-284760 0
36 0 csl-047702 0
36 0 csl-175182 0
36 0 csl-016933 0
36 0 csl-343125 0
36 0 csl-049653 0
36 0 csl-122989 0
36 0 csl-358145 1
36 0 csl-384207 0
36 0 csl-282009 0
36 0 csl-321011 0
36 0 csl-244856 0
36 0 csl-086388 0
36 0 csl-289227 0
36 0 csl-037801 0
36 0 csl-166836 0
36 0 csl-119027 0
36 0 csl-168563 0
36 0 csl-357417 1
36 0 csl-250649 0
36 0 csl-245989 0
36 0 csl-325571 0
36 0 csl-238470 0
36 0 csl-282043 0
36 0 csl-303984 0
36 0 csl-360089 0
36 0 csl-234451 0
36 0 csl-360481 0
36 0 csl-363640 0
36 0 csl-345596 0
36 0 csl-256309 0
36 0 csl-081504 0
36 0 csl-374683 0
36 0 csl-385582 0
36 0 csl-242096 0
36 0 csl-014584 0
36 0 csl-320594 0
36 0 csl-139817 0
36 0 csl-023409 0
36 0 csl-095812 0
36 0 csl-129936 0
36 0 csl-394455 0
36 0 csl-389911 0
36 0 csl-393220 0
36 0 csl-228326 0
36 0 csl-229236 0
36 0 csl-027571 0
36 0 csl-000472 0
36 0 csl-252085 0
36 0 csl-231473 0
36 0 csl-091865 0
36 0 csl-275875 0
36 0 csl-272577 0
36 0 csl-008253 0
36 0 csl-004869 0
36 0 csl-332607 0
36 0 csl-302028 0
36 0 csl-294175 0
36 0 csl-227136 0
36 0 csl-015358 0
36 0 csl-204561 0
36 0 csl-038439 0
36 0 csl-198907 0
36 0 csl-136148 0
36 0 csl-202549 0
36 0 csl-093007 0
36 0 csl-316290 0
37 0 csl-284760 0
37 0 csl-217175 0
37 0 csl-052902 0
37 0 csl-152510 0
37 0 csl-057183 0
37 0 csl-373348 0
37 0 csl-107816 0
37 0 csl-068291 0
37 0 csl-244557 0
37 0 csl-065924 0
37 0 csl-218076 0
37 0 csl-170125 0
37 0 csl-385986 0
37 0 csl-287071 0
37 0 csl-345804 0
37 0 csl-075809 0
37 0 csl-002579 0
37 0 csl-026061 0
37 0 csl-301849 0
37 0 csl-065352 0
37 0 csl-185186 0
37 0 csl-273239 0
37 0 csl-367236 0
37 0 csl-065209 0
37 0 csl-208579 0
37 0 csl-225055 0
37 0 csl-302991 0
37 0 csl-201061 0
37 0 csl-261687 0
37 0 csl-185067 0
37 0 csl-234044 0
37 0 csl-388670 0
37 0 csl-231473 0
37 0 csl-126765 0
37 0 csl-287207 0
37 0 csl-299343 0
37 0 csl-049796 0
37 0 csl-355651 0
37 0 csl-182353 0
37 0 csl-214397 0
37 0 csl-112818 0
37 0 csl-365528 0
37 0 csl-013084 0
37 0 csl-142035 0
37 0 csl-311148 0
37 0 csl-373749 0
37 0 csl-031482 0
37 0 csl-321011 0
37 0 csl-294665 0
37 0 csl-380735 0
37 0 csl-110679 0
37 0 csl-129326 0
37 0 csl-103753 0
37 0 csl-244068 0
37 0 csl-071278 0
37 0 csl-227621 0
37 0 csl-233004 0
37 0 csl-188604 0
37 0 csl-159653 0
37 0 csl-357212 0
37 0 csl-055413 0
37 0 csl-178822 1
37 0 csl-128365 0
37 0 csl-013462 0
37 0 csl-285877 0
37 0 csl-200838 0
37 0 csl-296888 0
37 0 csl-131972 0
37 0 csl-224579 0
37 0 csl-308824 0
37 0 csl-320675 0
37 0 csl-013364 0
37 0 csl-373383 0
37 0 csl-124828 0
37 0 csl-177524 0
37 0 csl-229199 0
37 0 csl-075750 0
37 0 csl-121639 0
37 0 csl-270290 0
37 0 csl-328102 0
37 0 csl-287040 0
37 0 csl-211941 0
37 0 csl-302578 0
37 0 csl-178641 0
37 0 csl-244764 0
37 0 csl-315252 0
37 0 csl-165067 0
37 0 csl-039187 0
37 0 csl-348559 0
37 0 csl-183481 0
37 0 csl-030214 0
37 0 csl-330037 0
37 0 csl-157939 0
37 0 csl-296909 0
37 0 csl-045680 0
37 0 csl-366520 0
37 0 csl-324648 0
37 0 csl-241019 0
37 0 csl-296200 0
37 0 csl-366326 0
37 0 csl-092875 0
37 0 csl-237798 0
37 0 csl-193009 1
37 0 csl-003473 0
37 0 csl-384193 0
37 0 csl-383705 0
37 0 csl-061705 0
37 0 csl-093007 0
37 0 csl-175787 0
37 0 csl-058353 0
37 0 csl-296822 0
37 0 csl-103218 0
37 0 csl-316496 0
37 0 csl-155126 1
37 0 csl-159761 0
37 0 csl-194767 0
37 0 csl-144326 0
37 0 csl-048355 0
37 0 csl-101928 0
37 0 csl-152511 0
37 0 csl-188094 0
37 0 csl-290881 1
37 0 csl-095812 0
37 0 csl-157699 0
37 0 csl-188182 0
37 0 csl-131821 0
37 0 csl-244756 0
37 0 csl-094949 0
37 0 csl-345216 0
37 0 csl-188386 0
37 0 csl-378009 0
37 0 csl-185686 0
37 0 csl-319956 0
37 0 csl-213532 0
37 0 csl-053223 0
37 0 csl-250296 0
37 0 csl-241557 0
37 0 csl-096281 0
37 0 csl-364667 0
37 0 csl-230290 0
37 0 csl-218587 0
37 0 csl-272360 0
37 0 csl-130110 0
37 0 csl-322762 0
37 0 csl-182584 0
37 0 csl-390774 0
37 0 csl-231229 0
37 0 csl-211645 0
37 0 csl-048357 0
37 0 csl-368900 0
37 0 csl-301205 0
37 0 csl-027032 0
37 0 csl-313658 0
37 0 csl-102320 0
37 0 csl-035493 0
37 0 csl-108923 0
37 0 csl-115285 0
37 0 csl-230866 0
37 0 csl-044519 3
37 0 csl-123216 0
37 0 csl-274943 0
37 0 csl-304157 0
37 0 csl-273096 0
37 0 csl-321365 0
37 0 csl-184692 0
37 0 csl-150245 0
37 0 csl-215010 0
37 0 csl-040072 0
37 0 csl-260843 0
37 0 csl-018926 0
37 0 csl-114213 0
37 0 csl-216636 3
37 0 csl-049707 0
37 0 csl-254722 0
37 0 csl-218187 0
37 0 csl-228332 0
37 0 csl-237054 0
37 0 csl-262824 1
37 0 csl-025782 0
37 0 csl-165483 0
37 0 csl-054291 0
37 0 csl-123927 0
37 0 csl-274270 0
37 0 csl-207949 0
37 0 csl-067181 0
37 0 csl-133581 0
37 0 csl-390080 0
37 0 csl-061047 0
37 0 csl-318808 0
37 0 csl-131793 0
37 0 csl-228303 0
37 0 csl-340453 0
37 0 csl-254619 0
37 0 csl-013286 0
37 0 csl-283863 0
37 0 csl-387831 0
37 0 csl-294336 0
37 0 csl-033407 0
37 0 csl-040253 0
37 0 csl-219812 0
37 0 csl-163024 0
37 0 csl-240172 0
37 0 csl-096455 0
37 0 csl-141191 0
37 0 csl-212607 0
37 0 csl-189632 0
37 0 csl-327566 0
37 0 csl-362038 0
37 0 csl-197860 0
37 0 csl-161567 0
37 0 csl-390839 0
37 0 csl-300443 0
37 0 csl-282378 0
37 0 csl-016502 0
37 0 csl-063489 0
37 0 csl-113324 0
37 0 csl-387677 0
37 0 csl-072083 0
37 0 csl-108453 0
37 0 csl-136435 0
37 0 csl-188761 0
37 0 csl-292774 0
37 0 csl-140077 0
37 0 csl-095042 0
37 0 csl-354041 0
37 0 csl-131178 0
37 0 csl-110469 0
37 0 csl-290299 0
37 0 csl-105007 0
37 0 csl-017180 0
37 0 csl-151675 0
37 0 csl-266614 0
37 0 csl-339508 0
37 0 csl-023171 0
37 0 csl-129936 0
37 0 csl-171569 0
37 0 csl-338273 0
37 0 csl-288444 0
37 0 csl-150197 0
37 0 csl-243806 0
37 0 csl-289949 0
37 0 csl-361331 0
37 0 csl-030399 0
37 0 csl-098477 0
37 0 csl-082500 0
37 0 csl-016348 0
37 0 csl-082378 0
37 0 csl-259557 0
37 0 csl-216888 0
37 0 csl-269301 0
37 0 csl-287672 0
37 0 csl-064088 0
37 0 csl-021543 0
37 0 csl-052475 0
37 0 csl-026519 0
37 0 csl-232162 0
37 0 csl-052300 0
37 0 csl-093542 0
37 0 csl-315485 0
37 0 csl-319496 0
37 0 csl-140934 0
37 0 csl-004008 0
37 0 csl-289887 0
37 0 csl-099428 0
37 0 csl-279716 0
37 0 csl-155923 0
37 0 csl-338744 0
37 0 csl-383341 0
37 0 csl-002158 0
37 0 csl-303027 0
37 0 csl-366390 0
37 0 csl-312682 0
37 0 csl-011660 0
37 0 csl-333442 0
37 0 csl-007141 0
37 0 csl-136211 0
37 0 csl-048159 0
37 0 csl-279148 0
37 0 csl-096532 0
37 0 csl-050933 0
37 0 csl-146222 0
37 0 csl-300035 0
37 0 csl-357417 0
37 0 csl-136698 0
37 0 csl-011389 0
37 0 csl-014584 1
37 0 csl-387653 0
37 0 csl-317575 0
37 0 csl-110575 0
37 0 csl-072338 0
37 0 csl-001886 0
37 0 csl-094699 0
38 0 csl-115325 0
38 0 csl-115383 0
38 0 csl-044337 0
38 0 csl-129316 0
38 0 csl-025210 0
38 0 csl-184788 0
38 0 csl-349920 0
38 0 csl-189695 0
38 0 csl-362503 0
38 0 csl-387881 0
38 0 csl-323744 0
38 0 csl-090133 0
38 0 csl-309128 0
38 0 csl-158188 0
38 0 csl-064893 0
38 0 csl-396137 0
38 0 csl-107540 0
38 0 csl-173459 0
38 0 csl-020561 0
38 0 csl-197169 0
38 0 csl-162932 0
38 0 csl-226480 0
38 0 csl-079995 0
38 0 csl-172373 0
38 0 csl-263985 0
38 0 csl-273707 0
38 0 csl-295571 1
38 0 csl-112224 0
38 0 csl-388619 0
38 0 csl-147784 0
38 0 csl-016466 0
38 0 csl-225233 0
38 0 csl-224632 0
38 0 csl-057393 0
38 0 csl-172467 0
38 0 csl-038066 0
38 0 csl-372435 0
38 0 csl-119761 0
38 0 csl-026910 0
38 0 csl-257235 0
38 0 csl-325069 1
38 0 csl-038246 0
38 0 csl-316208 0
38 0 csl-338911 0
38 0 csl-006887 0
38 0 csl-222041 0
38 0 csl-252952 0
38 0 csl-321019 0
38 0 csl-094447 0
38 0 csl-167122 0
38 0 csl-260475 0
38 0 csl-130750 0
38 0 csl-067723 0
38 0 csl-305191 0
38 0 csl-004634 0
38 0 csl-023092 0
38 0 csl-251583 0
38 0 csl-280643 0
38 0 csl-096644 0
38 0 csl-247099 0
38 0 csl-041583 0
38 0 csl-008331 0
38 0 csl-048896 0
38 0 csl-275027 0
38 0 csl-224330 0
38 0 csl-362563 0
38 0 csl-231318 0
38 0 csl-333302 0
38 0 csl-055304 0
38 0 csl-013804 0
38 0 csl-173721 0
38 0 csl-033114 0
38 0 csl-027640 0
38 0 csl-095930 0
38 0 csl-221832 0
38 0 csl-136197 0
38 0 csl-148746 0
38 0 csl-318686 0
38 0 csl-115359 0
38 0 csl-204576 0
38 0 csl-378981 0
38 0 csl-284441 0
38 0 csl-163459 0
38 0 csl-009853 0
38 0 csl-004030 0
38 0 csl-187526 0
38 0 csl-087156 0
38 0 csl-151471 0
38 0 csl-063009 0
38 0 csl-006711 0
38 0 csl-329152 0
38 0 csl-174332 3
38 0 csl-064337 0
38 0 csl-087497 0
38 0 csl-041482 0
38 0 csl-083184 0
38 0 csl-218519 0
38 0 csl-379413 0
38 0 csl-023772 0
38 0 csl-003431 1
38 0 csl-047150 1
38 0 csl-029883 0
38 0 csl-247045 0
38 0 csl-358007 0
38 0 csl-101484 0
38 0 csl-061136 0
38 0 csl-167422 0
38 0 csl-096319 0
38 0 csl-171808 0
38 0 csl-090747 0
38 0 csl-202147 0
38 0 csl-370955 0
38 0 csl-125555 0
38 0 csl-223489 0
38 0 csl-215850 0
38 0 csl-040793 0
38 0 csl-354225 0
38 0 csl-316370 0
38 0 csl-353090 0
38 0 csl-331778 0
38 0 csl-238099 0
38 0 csl-079977 0
38 0 csl-347444 0
38 0 csl-041534 0
38 0 csl-003397 0
38 0 csl-097858 0
38 0 csl-238792 0
38 0 csl-309932 0
38 0 csl-383427 0
38 0 csl-093215 0
38 0 csl-077586 0
38 0 csl-239014 0
38 0 csl-228347 0
38 0 csl-109924 0
38 0 csl-183745 0
38 0 csl-025944 0
38 0 csl-186297 0
38 0 csl-131905 0
38 0 csl-221365 0
38 0 csl-107570 0
38 0 csl-331360 0
38 0 csl-133377 0
38 0 csl-001295 0
38 0 csl-253802 0
38 0 csl-194527 3
38 0 csl-231898 0
38 0 csl-215735 0
38 0 csl-232979 0
38 0 csl-048830 0
38 0 csl-230148 0
38 0 csl-110434 0
38 0 csl-146697 0
38 0 csl-230496 0
38 0 csl-073788 0
38 0 csl-064138 0
38 0 csl-383644 0
38 0 csl-199900 0
38 0 csl-154424 0
38 0 csl-134799 0
38 0 csl-150140 0
38 0 csl-205368 0
38 0 csl-024028 0
38 0 csl-369336 0
38 0 csl-100853 0
38 0 csl-278140 0
38 0 csl-239726 0
38 0 csl-259382 0
38 0 csl-242316 0
38 0 csl-391488 0
38 0 csl-148307 0
38 0 csl-151241 3
38 0 csl-032935 0
38 0 csl-127607 0
38 0 csl-087213 0
38 0 csl-394155 1
38 0 csl-388090 0
38 0 csl-106850 3
38 0 csl-013971 0
38 0 csl-222709 0
38 0 csl-066829 0
38 0 csl-376143 0
38 0 csl-005274 0
38 0 csl-074146 0
38 0 csl-220932 0
38 0 csl-150169 0
38 0 csl-190436 0
38 0 csl-158808 0
38 0 csl-276374 0
38 0 csl-218365 0
38 0 csl-322139 0
38 0 csl-199294 0
38 0 csl-137961 0
38 0 csl-325363 0
38 0 csl-116054 0
38 0 csl-272345 0
38 0 csl-073181 0
38 0 csl-278370 0
38 0 csl-263326 0
38 0 csl-391979 0
38 0 csl-205879 0
38 0 csl-321793 0
38 0 csl-349244 0
38 0 csl-315553 0
38 0 csl-196029 0
38 0 csl-039012 0
38 0 csl-214442 0
38 0 csl-097667 0
38 0 csl-361503 0
38 0 csl-367883 0
38 0 csl-178719 0
38 0 csl-029222 0
38 0 csl-385638 1
38 0 csl-338056 0
38 0 csl-076751 0
38 0 csl-081446 0
38 0 csl-370104 0
38 0 csl-206244 0
38 0 csl-355132 0
38 0 csl-268969 0
38 0 csl-226158 1
38 0 csl-380399 0
38 0 csl-145938 0
38 0 csl-138294 0
38 0 csl-345698 0
38 0 csl-081895 0
38 0 csl-157920 0
38 0 csl-151760 0
38 0 csl-347778 0
38 0 csl-064832 0
38 0 csl-129294 0
38 0 csl-239982 0
38 0 csl-141535 0
38 0 csl-265386 0
38 0 csl-166936 0
38 0 csl-138038 0
38 0 csl-170023 0
38 0 csl-031258 0
38 0 csl-366904 0
38 0 csl-117046 0
38 0 csl-332467 0
38 0 csl-175752 0
38 0 csl-019488 0
38 0 csl-322570 0
38 0 csl-352907 0
38 0 csl-118399 0
38 0 csl-032872 0
38 0 csl-351987 0
38 0 csl-195332 0
38 0 csl-217184 0
38 0 csl-069328 0
38 0 csl-269565 0
38 0 csl-027934 0
38 0 csl-306399 0
38 0 csl-346523 0
38 0 csl-109791 0
38 0 csl-052400 0
38 0 csl-248116 0
38 0 csl-131111 0
38 0 csl-390253 0
38 0 csl-056317 0
38 0 csl-128219 0
38 0 csl-090542 0
38 0 csl-387485 0
38 0 csl-320349 0
38 0 csl-239772 0
38 0 csl-016725 0
38 0 csl-036768 0
38 0 csl-228388 0
38 0 csl-327773 0
38 0 csl-304681 0
38 0 csl-362465 0
38 0 csl-077057 0
38 0 csl-152625 0
38 0 csl-192115 0
38 0 csl-141142 0
38 0 csl-326130 0
38 0 csl-162539 0
38 0 csl-041016 0
38 0 csl-222523 0
38 0 csl-048754 0
38 0 csl-216689 0
38 0 csl-217798 0
38 0 csl-069842 0
38 0 csl-184202 0
38 0 csl-197609 0
38 0 csl-255415 0
38 0 csl-295830 0
38 0 csl-150517 0
38 0 csl-394705 0
38 0 csl-029581 0
38 0 csl-326252 0
38 0 csl-375829 0
38 0 csl-212255 0
38 0 csl-015382 0
38 0 csl-202786 0
38 0 csl-351502 0
38 0 csl-322103 0
38 0 csl-026784 0
38 0 csl-276224 0
38 0 csl-165716 0
38 0 csl-375794 0
38 0 csl-088835 0
38 0 csl-320362 0
38 0 csl-347931 0
38 0 csl-245549 0
38 0 csl-367246 0
38 0 csl-062583 0
38 0 csl-264866 0
38 0 csl-081530 0
38 0 csl-279210 0
38 0 csl-123536 0
38 0 csl-277582 0
38 0 csl-366579 0
39 0 csl-048669 0
39 0 csl-066737 0
39 0 csl-350203 0
39 0 csl-011137 0
39 0 csl-081631 3
39 0 csl-373907 0
39 0 csl-358016 0
39 0 csl-114513 3
39 0 csl-314651 0
39 0 csl-367760 0
39 0 csl-279361 0
39 0 csl-223982 0
39 0 csl-093855 0
39 0 csl-201284 0
39 0 csl-357004 0
39 0 csl-318977 0
39 0 csl-368636 0
39 0 csl-096862 1
39 0 csl-300035 0
39 0 csl-312620 0
39 0 csl-352192 0
39 0 csl-362972 0
39 0 csl-256294 0
39 0 csl-073085 0
39 0 csl-040480 0
39 0 csl-035938 0
39 0 csl-212616 0
39 0 csl-111998 0
39 0 csl-144085 0
39 0 csl-151596 0
39 0 csl-378232 0
39 0 csl-080469 0
39 0 csl-297198 0
39 0 csl-190028 0
39 0 csl-101952 0
39 0 csl-340613 0
39 0 csl-351026 0
39 0 csl-020685 0
39 0 csl-085635 0
39 0 csl-314879 0
39 0 csl-332012 0
39 0 csl-340026 0
39 0 csl-304144 0
39 0 csl-332580 0
39 0 csl-071078 0
39 0 csl-249126 0
39 0 csl-173393 0
39 0 csl-062875 0
39 0 csl-244872 0
39 0 csl-065906 0
39 0 csl-331132 0
39 0 csl-296523 0
39 0 csl-042482 0
39 0 csl-360246 0
39 0 csl-261426 0
39 0 csl-115516 0
39 0 csl-116386 0
39 0 csl-111366 0
39 0 csl-029027 0
39 0 csl-045941 0
39 0 csl-126374 0
39 0 csl-226454 0
39 0 csl-239844 0
39 0 csl-177301 0
39 0 csl-250365 0
39 0 csl-279199 0
39 0 csl-345116 0
39 0 csl-132343 0
39 0 csl-067013 0
39 0 csl-020694 0
39 0 csl-254950 0
39 0 csl-029570 0
39 0 csl-207916 0
39 0 csl-038080 0
39 0 csl-191577 0
39 0 csl-186480 0
39 0 csl-226675 0
39 0 csl-041291 0
39 0 csl-078724 0
39 0 csl-150024 0
39 0 csl-304819 0
39 0 csl-233509 0
39 0 csl-354405 0
39 0 csl-087982 0
39 0 csl-234263 0
39 0 csl-029851 0
39 0 csl-157062 0
39 0 csl-099762 0
39 0 csl-176825 1
39 0 csl-109738 0
39 0 csl-370274 0
39 0 csl-287624 0
39 0 csl-254427 0
39 0 csl-302273 0
39 0 csl-322902 0
39 0 csl-219446 0
39 0 csl-049494 0
39 0 csl-231473 0
39 0 csl-343906 0
39 0 csl-320859 0
39 0 csl-370148 0
39 0 csl-167857 0
39 0 csl-144698 0
39 0 csl-199126 0
39 0 csl-314867 0
39 0 csl-321011 0
39 0 csl-135918 0
39 0 csl-128834 0
39 0 csl-374119 0
39 0 csl-107457 0
39 0 csl-026914 0
39 0 csl-360026 0
39 0 csl-147064 0
39 0 csl-010918 0
39 0 csl-143072 0
39 0 csl-314406 0
39 0 csl-395776 0
39 0 csl-170510 0
39 0 csl-189386 0
39 0 csl-250106 0
39 0 csl-382705 0
39 0 csl-019855 0
39 0 csl-253419 0
39 0 csl-267342 0
39 0 csl-058645 0
39 0 csl-196776 0
39 0 csl-253658 0
39 0 csl-020137 0
39 0 csl-077979 0
39 0 csl-046866 0
39 0 csl-062555 0
39 0 csl-196211 0
39 0 csl-210539 0
39 0 csl-087178 0
39 0 csl-155509 0
39 0 csl-205714 0
39 0 csl-071119 0
39 0 csl-354220 0
39 0 csl-091576 0
39 0 csl-271572 0
39 0 csl-202742 0
39 0 csl-337741 0
39 0 csl-204232 0
39 0 csl-301080 0
39 0 csl-138877 0
39 0 csl-347196 0
39 0 csl-387167 0
39 0 csl-002698 1
39 0 csl-284944 0
39 0 csl-246199 0
39 0 csl-180603 0
39 0 csl-353578 0
39 0 csl-133006 0
39 0 csl-089602 0
39 0 csl-164411 0
39 0 csl-034459 0
39 0 csl-270810 0
39 0 csl-312604 0
39 0 csl-050127 0
39 0 csl-012414 0
39 0 csl-197079 0
39 0 csl-019845 0
39 0 csl-215215 0
39 0 csl-023888 0
39 0 csl-308904 0
39 0 csl-248279 0
39 0 csl-297896 0
39 0 csl-255751 0
39 0 csl-119798 0
39 0 csl-036351 0
39 0 csl-108292 0
39 0 csl-317091 0
39 0 csl-106868 0
39 0 csl-214979 0
39 0 csl-271233 0
39 0 csl-376995 0
39 0 csl-015650 0
39 0 csl-261328 0
39 0 csl-132970 0
39 0 csl-060435 0
39 0 csl-385582 0
39 0 csl-276169 0
39 0 csl-084179 0
39 0 csl-037144 0
39 0 csl-256679 0
39 0 csl-266237 0
39 0 csl-383598 0
39 0 csl-172854 0
39 0 csl-168126 0
39 0 csl-031477 0
39 0 csl-371199 0
39 0 csl-290079 0
39 0 csl-054667 0
39 0 csl-205065 0
39 0 csl-216690 0
39 0 csl-186815 0
39 0 csl-337518 0
39 0 csl-365090 0
39 0 csl-075735 0
39 0 csl-177114 0
39 0 csl-105565 0
39 0 csl-256436 0
39 0 csl-164796 0
39 0 csl-108090 0
39 0 csl-101433 0
39 0 csl-124879 0
39 0 csl-052902 0
39 0 csl-129217 0
39 0 csl-096603 0
39 0 csl-054291 0
39 0 csl-379323 0
39 0 csl-074120 0
39 0 csl-014798 0
39 0 csl-278074 0
39 0 csl-134281 0
39 0 csl-352431 0
39 0 csl-319908 0
39 0 csl-371907 0
39 0 csl-204054 0
39 0 csl-344990 0
39 0 csl-153426 0
39 0 csl-338287 0
39 0 csl-117197 0
39 0 csl-053145 1
39 0 csl-071040 0
39 0 csl-310853 0
39 0 csl-068982 0
39 0 csl-104313 0
39 0 csl-130153 0
39 0 csl-256863 0
39 0 csl-109741 3
39 0 csl-130014 0
39 0 csl-216888 0
39 0 csl-162545 0
39 0 csl-241286 0
39 0 csl-171240 0
39 0 csl-165253 0
39 0 csl-115318 0
39 0 csl-167924 0
39 0 csl-114203 0
39 0 csl-356750 0
39 0 csl-135455 0
39 0 csl-298973 0
39 0 csl-343278 0
39 0 csl-146056 1
39 0 csl-361751 0
39 0 csl-113099 0
39 0 csl-140981 0
39 0 csl-097809 0
39 0 csl-140737 0
39 0 csl-179578 0
39 0 csl-339053 0
39 0 csl-242624 0
39 0 csl-376279 0
39 0 csl-082217 0
39 0 csl-282422 0
39 0 csl-066866 0
39 0 csl-190087 0
39 0 csl-277887 0
39 0 csl-341068 0
39 0 csl-271621 0
39 0 csl-374096 0
39 0 csl-031282 0
39 0 csl-100791 0
39 0 csl-066309 0
39 0 csl-173267 0
39 0 csl-367231 0
39 0 csl-011688 0
39 0 csl-073273 0
39 0 csl-387393 0
39 0 csl-362191 0
39 0 csl-122666 0
39 0 csl-063336 0
39 0 csl-390616 0
39 0 csl-052916 0
39 0 csl-262710 0
39 0 csl-039909 0
39 0 csl-179291 0
39 0 csl-084394 0
39 0 csl-394581 0
40 0 csl-244449 0
40 0 csl-097035 3
40 0 csl-309929 0
40 0 csl-388791 0
40 0 csl-244775 0
40 0 csl-239523 0
40 0 csl-055239 0
40 0 csl-013364 0
40 0 csl-008892 0
40 0 csl-092131 0
40 0 csl-308186 0
40 0 csl-124011 0
40 0 csl-071110 0
40 0 csl-238796 0
40 0 csl-147094 0
40 0 csl-317491 0
40 0 csl-123299 0
40 0 csl-186259 0
40 0 csl-263443 0
40 0 csl-232167 0
40 0 csl-224053 0
40 0 csl-333527 0
40 0 csl-348390 0
40 0 csl-252277 0
40 0 csl-338652 0
40 0 csl-020699 0
40 0 csl-216645 0
40 0 csl-229731 0
40 0 csl-268903 0
40 0 csl-299820 0
40 0 csl-017105 0
40 0 csl-031120 0
40 0 csl-081705 0
40 0 csl-103479 0
40 0 csl-203577 0
40 0 csl-164926 0
40 0 csl-137038 0
40 0 csl-130306 0
40 0 csl-263306 0
40 0 csl-210591 0
40 0 csl-061452 0
40 0 csl-188728 0
40 0 csl-143949 0
40 0 csl-011095 0
40 0 csl-183002 0
40 0 csl-335666 0
40 0 csl-131390 0
40 0 csl-318922 0
40 0 csl-285799 0
40 0 csl-267624 0
40 0 csl-098114 0
40 0 csl-085822 0
40 0 csl-247459 0
40 0 csl-330231 0
40 0 csl-188405 1
40 0 csl-257142 0
40 0 csl-298003 0
40 0 csl-001886 0
40 0 csl-324180 0
40 0 csl-258947 3
40 0 csl-372431 0
40 0 csl-079736 0
40 0 csl-009596 0
40 0 csl-013662 0
40 0 csl-108168 0
40 0 csl-111565 0
40 0 csl-330002 3
40 0 csl-008741 3
40 0 csl-291968 0
40 0 csl-133931 0
40 0 csl-195288 0
40 0 csl-187814 0
40 0 csl-236676 0
40 0 csl-004507 0
40 0 csl-171415 3
40 0 csl-063218 0
40 0 csl-335891 3
40 0 csl-136506 0
40 0 csl-370265 1
40 0 csl-124582 3
40 0 csl-055641 0
40 0 csl-080201 3
40 0 csl-233167 0
40 0 csl-161323 0
40 0 csl-098912 0
40 0 csl-343871 0
40 0 csl-118707 3
40 0 csl-002632 0
40 0 csl-038418 0
40 0 csl-273016 0
40 0 csl-151735 3
40 0 csl-298111 0
40 0 csl-230290 0
40 0 csl-264296 0
40 0 csl-351236 0
40 0 csl-027094 3
40 0 csl-054913 3
40 0 csl-130694 0
40 0 csl-263368 0
40 0 csl-066973 0
40 0 csl-336849 0
40 0 csl-213619 0
40 0 csl-214236 0
40 0 csl-016799 0
40 0 csl-106945 0
40 0 csl-232202 0
40 0 csl-162448 0
40 0 csl-084676 0
40 0 csl-149360 0
40 0 csl-098663 0
40 0 csl-176735 0
40 0 csl-232978 0
40 0 csl-224593 0
40 0 csl-333701 0
40 0 csl-339569 0
40 0 csl-096456 0
40 0 csl-327015 3
40 0 csl-060989 0
40 0 csl-233695 0
40 0 csl-125839 0
40 0 csl-326273 0
40 0 csl-233638 0
40 0 csl-158884 0
40 0 csl-165647 0
40 0 csl-385082 0
40 0 csl-107764 0
40 0 csl-172439 0
40 0 csl-275195 0
40 0 csl-327763 0
40 0 csl-051699 0
40 0 csl-135350 0
40 0 csl-064992 0
40 0 csl-316496 0
40 0 csl-283959 0
40 0 csl-348705 0
40 0 csl-322818 0
40 0 csl-040954 0
40 0 csl-387072 0
40 0 csl-165853 0
40 0 csl-061790 0
40 0 csl-193453 0
40 0 csl-013874 0
40 0 csl-392974 0
40 0 csl-021889 3
40 0 csl-218831 0
40 0 csl-160170 0
40 0 csl-101996 0
40 0 csl-391559 0
40 0 csl-074542 0
40 0 csl-010192 0
40 0 csl-129326 0
40 0 csl-250864 0
40 0 csl-206000 0
41 0 csl-010918 0
41 0 csl-032889 0
41 0 csl-331132 3
41 0 csl-249741 0
41 0 csl-367819 0
41 0 csl-063733 0
41 0 csl-239693 0
41 0 csl-308904 0
41 0 csl-046866 0
41 0 csl-341068 0
41 0 csl-078981 0
41 0 csl-345986 0
41 0 csl-057343 0
41 0 csl-021133 0
41 0 csl-342406 0
41 0 csl-138877 0
41 0 csl-394581 0
41 0 csl-095717 0
41 0 csl-022084 0
41 0 csl-144066 0
41 0 csl-209020 0
41 0 csl-303556 0
41 0 csl-085988 0
41 0 csl-160204 0
41 0 csl-153705 0
41 0 csl-139357 0
41 0 csl-308031 0
41 0 csl-376279 3
41 0 csl-308011 0
41 0 csl-051090 0
41 0 csl-019855 0
41 0 csl-076251 0
41 0 csl-059353 0
41 0 csl-157939 0
41 0 csl-304811 0
41 0 csl-294314 0
41 0 csl-207497 0
41 0 csl-359479 0
41 0 csl-169341 0
41 0 csl-365090 0
41 0 csl-082059 0
41 0 csl-193645 0
41 0 csl-328090 0
41 0 csl-035938 1
41 0 csl-322048 0
41 0 csl-359040 0
41 0 csl-311789 0
41 0 csl-289874 0
41 0 csl-024484 0
41 0 csl-151199 0
41 0 csl-017313 0
41 0 csl-023393 0
41 0 csl-153744 0
41 0 csl-037144 0
41 0 csl-029341 3
41 0 csl-131428 0
41 0 csl-202956 0
41 0 csl-334015 0
41 0 csl-383449 0
41 0 csl-267872 0
41 0 csl-342533 0
41 0 csl-250106 3
41 0 csl-331225 0
41 0 csl-251401 0
41 0 csl-096094 0
41 0 csl-119822 0
41 0 csl-324962 0
41 0 csl-351026 0
41 0 csl-032651 0
41 0 csl-288471 0
41 0 csl-320675 0
41 0 csl-183667 0
41 0 csl-134189 0
41 0 csl-344766 0
41 0 csl-131092 3
41 0 csl-345718 3
41 0 csl-256863 0
41 0 csl-301670 0
41 0 csl-130094 0
41 0 csl-187822 0
41 0 csl-067103 0
41 0 csl-259449 0
41 0 csl-273565 0
41 0 csl-177511 0
41 0 csl-051592 0
41 0 csl-043165 0
41 0 csl-131421 0
41 0 csl-373215 0
41 0 csl-381442 0
41 0 csl-273179 0
41 0 csl-318776 0
41 0 csl-085512 0
41 0 csl-088200 0
41 0 csl-330474 0
41 0 csl-336928 0
41 0 csl-165356 0
41 0 csl-342514 0
41 0 csl-348251 0
41 0 csl-053276 0
41 0 csl-378593 0
41 0 csl-024125 0
41 0 csl-275378 0
41 0 csl-395716 0
41 0 csl-267723 0
41 0 csl-279361 0
41 0 csl-023797 0
41 0 csl-209566 0
41 0 csl-099464 0
41 0 csl-355033 0
41 0 csl-176886 0
41 0 csl-114350 0
41 0 csl-317091 1
41 0 csl-352192 0
41 0 csl-373210 0
41 0 csl-287884 0
41 0 csl-368832 0
41 0 csl-376687 0
41 0 csl-126320 0
41 0 csl-100791 0
41 0 csl-244411 0
41 0 csl-011137 0
41 0 csl-180603 0
41 0 csl-261426 0
41 0 csl-382522 0
41 0 csl-234382 0
41 0 csl-013607 0
41 0 csl-146261 0
41 0 csl-130384 0
41 0 csl-242049 0
41 0 csl-385572 0
41 0 csl-107438 0
41 0 csl-348587 0
41 0 csl-211610 0
41 0 csl-168398 0
41 0 csl-143072 3
41 0 csl-287691 0
41 0 csl-164247 0
41 0 csl-137390 1
41 0 csl-168287 0
41 0 csl-083923 0
41 0 csl-287624 0
41 0 csl-168217 0
41 0 csl-236618 0
41 0 csl-353578 0
41 0 csl-375129 0
41 0 csl-088882 0
41 0 csl-374617 0
41 0 csl-132343 3
41 0 csl-394777 0
41 0 csl-151020 0
41 0 csl-390188 0
41 0 csl-265638 0
41 0 csl-254950 0
41 0 csl-032358 0
41 0 csl-296008 0
41 0 csl-243940 0
41 0 csl-058371 0
41 0 csl-084614 0
41 0 csl-180838 0
41 0 csl-208634 0
41 0 csl-329835 0
41 0 csl-022765 0
41 0 csl-014596 0
41 0 csl-126675 0
41 0 csl-162893 0
41 0 csl-274572 0
41 0 csl-118265 0
41 0 csl-335568 0
41 0 csl-274867 0
41 0 csl-357169 3
41 0 csl-348114 0
41 0 csl-114373 0
41 0 csl-378232 0
41 0 csl-039124 0
41 0 csl-045119 0
41 0 csl-239844 0
41 0 csl-029027 0
41 0 csl-236009 0
41 0 csl-352237 0
41 0 csl-128834 0
41 0 csl-291825 0
41 0 csl-316456 0
41 0 csl-357326 0
41 0 csl-354986 0
41 0 csl-394605 0
41 0 csl-240140 0
41 0 csl-371716 0
41 0 csl-224508 0
41 0 csl-297535 0
41 0 csl-394511 0
41 0 csl-007380 0
41 0 csl-190317 0
41 0 csl-224776 0
41 0 csl-329546 0
41 0 csl-038080 0
41 0 csl-058010 0
41 0 csl-113851 0
41 0 csl-119789 0
41 0 csl-234472 0
41 0 csl-355868 0
41 0 csl-162948 0
41 0 csl-142412 0
41 0 csl-091313 0
41 0 csl-117197 0
41 0 csl-038663 0
41 0 csl-233497 0
41 0 csl-268304 1
41 0 csl-185106 0
41 0 csl-066675 0
41 0 csl-096387 0
41 0 csl-135455 0
41 0 csl-161477 0
41 0 csl-361484 0
41 0 csl-361014 0
41 0 csl-377817 0
41 0 csl-167924 0
41 0 csl-156057 0
41 0 csl-338287 0
41 0 csl-156316 0
41 0 csl-080400 0
41 0 csl-059081 0
41 0 csl-373865 3
41 0 csl-080939 0
41 0 csl-104526 0
41 0 csl-185141 0
41 0 csl-171240 0
41 0 csl-039021 0
41 0 csl-337142 0
41 0 csl-132752 0
41 0 csl-114203 0
41 0 csl-285260 0
41 0 csl-134281 0
41 0 csl-268488 0
41 0 csl-038611 0
41 0 csl-223982 0
41 0 csl-363229 0
41 0 csl-177114 1
41 0 csl-046184 0
41 0 csl-056138 0
41 0 csl-315541 0
41 0 csl-366235 0
41 0 csl-055179 0
41 0 csl-063126 0
41 0 csl-156008 0
41 0 csl-048669 0
41 0 csl-018453 0
41 0 csl-353212 0
41 0 csl-210356 0
41 0 csl-183595 0
41 0 csl-190429 0
41 0 csl-125085 0
41 0 csl-295734 0
41 0 csl-286931 0
41 0 csl-097974 0
41 0 csl-050856 0
41 0 csl-145621 0
41 0 csl-333821 0
41 0 csl-100690 0
41 0 csl-166443 0
